hoursFromNow,datetime,aqi,pollutant,pm25,pm10,tempC,windSpeed,windDir
1,2022-06-06T19:00:00Z,195.1,PM10,82.4,242.6,31.6,10.0,0.0
2,2022-06-06T20:00:00Z,195.1,PM10,83.3,242.6,31.6,10.0,0.0
3,2022-06-06T21:00:00Z,198.2,PM10,83.3,247.4,31.6,10.0,0.0
4,2022-06-06T22:00:00Z,201.8,PM10,85.6,251.8,31.6,10.0,0.0
5,2022-06-06T23:00:00Z,202.7,PM10,85.6,252.7,31.6,10.0,0.0
6,2022-06-07T00:00:00Z,194.1,PM10,75.9,241.1,31.6,10.0,0.0
7,2022-06-07T01:00:00Z,193.0,PM10,77.6,239.5,31.6,10.0,0.0
8,2022-06-07T02:00:00Z,193.0,PM10,78.3,239.5,31.6,10.0,0.0
9,2022-06-07T03:00:00Z,193.0,PM10,76.2,239.5,31.6,10.0,0.0
10,2022-06-07T04:00:00Z,193.0,PM10,77.3,239.5,31.6,10.0,0.0
11,2022-06-07T05:00:00Z,193.0,PM10,80.8,239.5,31.6,10.0,0.0
12,2022-06-07T06:00:00Z,193.5,PM10,82.9,240.3,31.6,10.0,0.0
13,2022-06-07T07:00:00Z,198.1,PM10,88.0,247.1,31.6,10.0,0.0
14,2022-06-07T08:00:00Z,198.1,PM10,85.7,247.1,31.6,10.0,0.0
15,2022-06-07T09:00:00Z,198.0,PM10,85.1,247.0,31.6,10.0,0.0
16,2022-06-07T10:00:00Z,196.8,PM10,84.5,245.3,31.6,10.0,0.0
17,2022-06-07T11:00:00Z,195.8,PM10,85.9,243.7,31.6,10.0,0.0
18,2022-06-07T12:00:00Z,196.1,PM10,84.9,244.2,31.6,10.0,0.0
19,2022-06-07T13:00:00Z,196.1,PM10,83.8,244.2,31.6,10.0,0.0
20,2022-06-07T14:00:00Z,196.1,PM10,81.8,244.2,31.6,10.0,0.0
21,2022-06-07T15:00:00Z,193.9,PM10,82.2,240.9,31.6,10.0,0.0
22,2022-06-07T16:00:00Z,206.7,PM10,84.4,256.7,31.6,10.0,0.0
23,2022-06-07T17:00:00Z,206.8,PM10,86.7,256.8,31.6,10.0,0.0
24,2022-06-07T18:00:00Z,207.6,PM10,87.0,257.6,31.6,10.0,0.0
25,2022-06-07T19:00:00Z,208.2,PM10,88.8,258.2,31.6,10.0,0.0
26,2022-06-07T20:00:00Z,217.8,PM2.5,95.3,265.0,31.6,10.0,0.0
27,2022-06-07T21:00:00Z,219.0,PM2.5,95.7,266.0,31.6,10.0,0.0
28,2022-06-07T22:00:00Z,219.2,PM2.5,95.8,268.9,31.6,10.0,0.0
29,2022-06-07T23:00:00Z,219.2,PM2.5,95.8,268.9,31.6,10.0,0.0
30,2022-06-08T00:00:00Z,208.4,PM2.5,92.5,250.6,31.6,10.0,0.0
31,2022-06-08T01:00:00Z,208.4,PM2.5,92.5,250.2,31.6,10.0,0.0
32,2022-06-08T02:00:00Z,206.7,PM2.5,92.0,250.1,31.6,10.0,0.0
33,2022-06-08T03:00:00Z,206.7,PM2.5,92.0,250.1,31.6,10.0,0.0
34,2022-06-08T04:00:00Z,207.1,PM2.5,92.1,250.1,31.6,10.0,0.0
35,2022-06-08T05:00:00Z,207.1,PM2.5,92.1,251.1,31.6,10.0,0.0
36,2022-06-08T06:00:00Z,207.1,PM2.5,92.1,253.6,31.6,10.0,0.0
37,2022-06-08T07:00:00Z,208.4,PM2.5,92.5,254.5,31.6,10.0,0.0
38,2022-06-08T08:00:00Z,211.3,PM2.5,93.4,254.5,31.6,10.0,0.0
39,2022-06-08T09:00:00Z,210.1,PM2.5,93.0,253.9,31.6,10.0,0.0
40,2022-06-08T10:00:00Z,211.2,PM2.5,93.4,253.9,31.6,10.0,0.0
41,2022-06-08T11:00:00Z,205.4,PM2.5,91.6,253.9,31.6,10.0,0.0
42,2022-06-08T12:00:00Z,205.4,PM2.5,91.6,253.9,31.6,10.0,0.0
43,2022-06-08T13:00:00Z,205.4,PM2.5,91.6,253.9,31.6,10.0,0.0
44,2022-06-08T14:00:00Z,202.7,PM10,90.5,252.7,31.6,10.0,0.0
45,2022-06-08T15:00:00Z,202.5,PM10,90.5,252.5,31.6,10.0,0.0
46,2022-06-08T16:00:00Z,205.3,PM10,90.5,255.3,31.6,10.0,0.0
47,2022-06-08T17:00:00Z,205.3,PM10,90.5,255.3,31.6,10.0,0.0
48,2022-06-08T18:00:00Z,205.4,PM2.5,91.6,255.2,31.6,10.0,0.0
49,2022-06-08T19:00:00Z,205.4,PM2.5,91.6,255.2,31.6,10.0,0.0
50,2022-06-08T20:00:00Z,221.8,PM2.5,96.5,255.2,31.6,10.0,0.0
51,2022-06-08T21:00:00Z,227.5,PM2.5,98.2,253.6,31.6,10.0,0.0
52,2022-06-08T22:00:00Z,226.1,PM2.5,97.8,253.6,31.6,10.0,0.0
53,2022-06-08T23:00:00Z,226.5,PM2.5,98.0,253.3,31.6,10.0,0.0
54,2022-06-09T00:00:00Z,214.5,PM2.5,94.4,246.9,31.6,10.0,0.0
55,2022-06-09T01:00:00Z,217.2,PM2.5,95.2,246.9,31.6,10.0,0.0
56,2022-06-09T02:00:00Z,229.5,PM2.5,98.8,247.3,31.6,10.0,0.0
57,2022-06-09T03:00:00Z,224.7,PM2.5,97.4,247.0,31.6,10.0,0.0
58,2022-06-09T04:00:00Z,224.7,PM2.5,97.4,245.9,31.6,10.0,0.0
59,2022-06-09T05:00:00Z,224.7,PM2.5,97.4,245.9,31.6,10.0,0.0
60,2022-06-09T06:00:00Z,227.0,PM2.5,98.1,245.9,31.6,10.0,0.0
61,2022-06-09T07:00:00Z,208.6,PM2.5,92.6,248.7,31.6,10.0,0.0
62,2022-06-09T08:00:00Z,209.4,PM2.5,92.8,248.7,31.6,10.0,0.0
63,2022-06-09T09:00:00Z,201.3,PM2.5,90.4,249.5,31.6,10.0,0.0
64,2022-06-09T10:00:00Z,201.3,PM2.5,90.4,249.0,31.6,10.0,0.0
65,2022-06-09T11:00:00Z,198.6,PM10,89.4,248.0,31.6,10.0,0.0
66,2022-06-09T12:00:00Z,197.1,PM10,85.6,245.7,31.6,10.0,0.0
67,2022-06-09T13:00:00Z,198.8,PM10,78.5,248.2,31.6,10.0,0.0
68,2022-06-09T14:00:00Z,195.2,PM10,75.9,242.7,31.6,10.0,0.0
69,2022-06-09T15:00:00Z,194.8,PM10,75.9,242.2,31.6,10.0,0.0
70,2022-06-09T16:00:00Z,193.7,PM10,75.9,240.6,31.6,10.0,0.0
71,2022-06-09T17:00:00Z,193.7,PM10,75.9,240.6,31.6,10.0,0.0
72,2022-06-09T18:00:00Z,195.3,PM10,75.9,242.9,31.6,10.0,0.0
