co,no,no2,nox,o3,pm10,pm25,relativehumidity,so2,temperature,wind_direction,wind_speed,u100,v100,u10,v10,tp,latitude,longitude,datetime_local,hour_of_day_local
1.9849999999999999,98.0,123.65,0.1454,2.0,103.0,67.0,88.33333333333333,3.55,13.433333333333332,278.0,0.3,3.1046143,-3.9977264,1.765152,-1.4315796,0.0,28.5,77.25,2025-02-19 01:30:00+05:30,1
1.99,105.0,111.03333333333335,0.14446666666666666,2.15,101.0,69.0,89.75,,13.125,278.0,0.3,3.005844,-3.8106995,1.7658081,-1.2404785,0.0,28.5,77.25,2025-02-19 02:30:00+05:30,2
1.9975,109.375,115.25,0.150225,2.45,115.5,79.5,90.75,9.45,12.925,278.0,0.3,2.934723,-3.8317719,1.5292969,-1.1244965,0.0,28.5,77.25,2025-02-19 03:30:00+05:30,3
1.9925,113.875,111.675,0.15197499999999997,1.0,132.0,91.5,92.0,10.666666666666666,12.775,278.0,0.3,2.9111176,-3.7029724,1.5197449,-1.1169434,0.0,28.5,77.25,2025-02-19 04:30:00+05:30,4
2.0075,120.375,111.425,0.15714999999999996,2.3666666666666667,136.5,96.5,92.0,7.2,13.35,280.25,0.3,2.8906708,-3.4433136,1.5312347,-1.0211487,0.0,28.5,77.25,2025-02-19 05:30:00+05:30,5
1.905,116.19999999999999,110.475,0.15324999999999991,0.8,120.0,83.5,89.75,10.566666666666666,14.5,278.75,0.3,3.2537231,-3.322052,1.6473083,-0.9832001,0.0,28.5,77.25,2025-02-19 06:30:00+05:30,6
1.7825,106.675,112.75,0.146725,2.9,105.5,68.5,86.5,8.05,16.424999999999997,226.5,0.3,3.6652527,-3.1240997,2.0473328,-1.0544586,0.0,28.5,77.25,2025-02-19 07:30:00+05:30,7
1.7850000000000001,100.9,119.0,0.145375,3.45,127.5,86.5,77.0,14.833333333333334,20.525,223.0,0.9750000000000001,3.8726044,-2.6934204,2.2043762,-1.0926666,0.0,28.5,77.25,2025-02-19 08:30:00+05:30,8
1.8075,98.325,122.875,0.14532499999999998,1.9000000000000001,174.5,108.66666666666667,62.0,9.65,24.275,231.5,1.2,2.8764038,-1.7333221,1.9226227,-1.0414124,0.0,28.5,77.25,2025-02-19 09:30:00+05:30,9
1.7775,86.80000000000001,133.2,0.14145,2.6,199.0,105.0,49.75,3.225,27.475,240.5,1.425,2.3858948,-1.3290558,1.8623962,-0.9870453,0.0,28.5,77.25,2025-02-19 10:30:00+05:30,10
1.6749999999999998,65.25,134.7,0.1247,6.775,176.0,78.66666666666667,42.75,7.8,29.7,244.0,1.5750000000000002,2.4644318,-1.0765839,1.9876099,-0.82081604,0.0,28.5,77.25,2025-02-19 11:30:00+05:30,11
1.5375,22.275,149.6,0.097675,9.25,153.0,66.0,40.5,3.55,30.525,224.75,1.475,2.374405,-0.52589417,1.9359436,-0.42018127,0.0,28.5,77.25,2025-02-19 12:30:00+05:30,12
1.3,4.0,62.675,0.034499999999999975,71.925,140.5,59.0,38.0,5.433333333333334,31.675,217.5,1.425,2.4390259,0.20713806,1.9785767,0.17272949,0.0,28.5,77.25,2025-02-19 13:30:00+05:30,13
1.3233333333333335,7.125,97.675,0.0577,25.35,108.5,52.0,36.75,4.2,32.5,235.75,1.375,2.430069,0.6326599,1.9645844,0.51257324,0.0,28.5,77.25,2025-02-19 14:30:00+05:30,14
1.2733333333333334,7.333333333333333,107.3,0.063,16.266666666666666,88.33333333333333,42.666666666666664,35.666666666666664,,32.4,205.33333333333334,1.3,3.03479,0.80223083,2.386734,0.6281738,0.0,28.5,77.25,2025-02-19 15:30:00+05:30,15
1.2650000000000001,10.799999999999999,122.25,0.0738,12.575,80.5,34.5,38.75,,30.55,261.75,0.775,2.7759705,0.3108673,2.087204,0.18995667,0.0,28.5,77.25,2025-02-19 16:30:00+05:30,16
1.3,14.575,131.95,0.08204999999999997,11.05,84.5,38.5,48.25,4.533333333333333,26.95,282.75,0.39999999999999997,2.1139526,-0.8970947,1.337616,-0.9854584,0.0,28.5,77.25,2025-02-19 17:30:00+05:30,17
1.4525000000000001,19.65,137.04999999999998,0.088875,9.6,106.0,42.5,58.5,6.85,22.85,292.0,0.3,1.3692627,-2.6319275,0.47021484,-2.3742065,0.0,28.5,77.25,2025-02-19 18:30:00+05:30,18
1.7574999999999998,29.775,137.925,0.09755,9.05,114.5,45.0,62.0,0.8,21.35,259.25,0.3,-0.3345642,-4.182312,-0.5872345,-2.0272064,0.0,28.5,77.25,2025-02-19 19:30:00+05:30,19
2.0866666666666664,39.5,140.36666666666667,0.1068,8.4,139.0,68.66666666666667,65.66666666666667,0.0,21.066666666666666,186.33333333333334,0.3,-1.8496552,-4.8689575,-1.0198364,-2.0321503,0.0,28.5,77.25,2025-02-19 20:30:00+05:30,20
2.16,42.975,139.45,0.10915,8.15,165.5,81.5,63.5,,22.2,142.25,0.85,-1.4924316,-2.99263,-1.0912018,-1.8898468,0.0,28.5,77.25,2025-02-19 21:30:00+05:30,21
2.105,42.65,138.275,0.108225,8.3,164.0,80.5,68.75,5.766666666666667,20.7,297.5,0.325,-0.9049988,-2.2795258,-0.10942078,-1.5879974,6.2942505e-05,28.5,77.25,2025-02-19 22:30:00+05:30,22
2.05,43.55,135.05,0.10725,8.0,149.0,75.0,69.5,6.25,21.0,187.0,0.3,-0.65605164,-0.7741394,0.18183899,-0.017669678,0.00040531158,28.5,77.25,2025-02-19 23:30:00+05:30,23
1.9266666666666665,44.06666666666666,131.03333333333333,0.10549999999999997,8.2,124.0,73.66666666666667,78.33333333333333,15.5,17.766666666666666,196.66666666666666,0.3,0.97618103,1.2203217,0.93110657,0.8171692,0.00015068054,28.5,77.25,2025-02-20 00:30:00+05:30,0
1.8766666666666667,48.0,130.1,0.10823333333333333,8.399999999999999,109.5,71.0,80.75,4.2,18.85,193.25,0.575,-1.4130249,0.64256287,-0.74050903,0.64146423,0.000101566315,28.5,77.25,2025-02-20 01:30:00+05:30,1
1.7650000000000001,48.666666666666664,132.53333333333333,0.11006666666666666,8.95,101.0,60.5,83.0,,19.3,194.0,0.6,-2.7103271,0.031341553,-1.939743,-0.29762268,6.198883e-05,28.5,77.25,2025-02-20 02:30:00+05:30,2
1.705,52.575,130.75,0.11227499999999994,9.9,94.5,56.5,87.5,13.75,18.4,218.25,0.475,-2.0292664,0.58717346,-1.308197,-0.070373535,0.0002799034,28.5,77.25,2025-02-20 03:30:00+05:30,3
1.6866666666666665,56.93333333333334,127.60000000000001,0.1141666666666666,9.466666666666667,84.66666666666667,55.0,89.33333333333333,4.75,18.5,151.33333333333334,0.43333333333333335,-2.363205,0.8207245,-1.5421906,0.08049011,0.0003118515,28.5,77.25,2025-02-20 04:30:00+05:30,4
1.6633333333333333,60.03333333333333,123.53333333333335,0.1145,9.666666666666666,72.66666666666667,45.666666666666664,91.66666666666667,7.0,17.599999999999998,204.0,0.3,-5.0371704,1.3771515,-2.511856,0.38716125,0.0007009506,28.5,77.25,2025-02-20 05:30:00+05:30,5
1.6275,58.724999999999994,119.55000000000001,0.11132499999999998,9.05,69.0,48.5,92.0,5.85,17.1,81.75,0.3,-7.1388855,1.6353455,-3.3809662,0.63819885,0.0010232925,28.5,77.25,2025-02-20 06:30:00+05:30,6
1.67,58.23333333333333,115.06666666666666,0.10853333333333333,8.266666666666667,71.33333333333333,54.666666666666664,92.66666666666667,13.633333333333333,17.266666666666666,167.0,0.3,-6.871231,2.4471588,-3.1305084,1.1610565,0.0018162727,28.5,77.25,2025-02-20 07:30:00+05:30,7
1.7700000000000002,63.833333333333336,117.96666666666665,0.11463333333333332,11.0,89.33333333333333,63.333333333333336,88.0,,21.033333333333335,209.66666666666666,0.39999999999999997,-6.3087616,2.1629486,-3.5762024,1.0773315,0.0007634163,28.5,77.25,2025-02-20 08:30:00+05:30,8
1.9224999999999999,60.025,128.675,0.11725,10.5,151.5,105.0,76.5,,23.6,152.0,0.875,-5.5819855,1.5977173,-3.7546082,0.97387695,0.00029706955,28.5,77.25,2025-02-20 09:30:00+05:30,9
1.9224999999999999,50.375,134.6,0.11255,10.45,165.5,116.0,65.75,1.8,25.5,117.0,1.925,-5.7190094,2.0949554,-4.3085785,1.5327911,0.00016212463,28.5,77.25,2025-02-20 10:30:00+05:30,10
1.7475,38.875,137.45,0.104725,9.85,116.0,80.5,58.75,,27.174999999999997,115.25,2.65,-6.6593323,3.0864716,-5.074173,2.3090057,6.771088e-05,28.5,77.25,2025-02-20 11:30:00+05:30,11
1.6225,28.95,136.525,0.09612499999999997,9.3,90.0,63.0,54.25,6.1499999999999995,28.825,118.75,2.65,-7.485504,4.124634,-5.718704,3.0859375,0.0,28.5,77.25,2025-02-20 12:30:00+05:30,12
1.5275,21.25,140.15,0.09182499999999998,10.0,82.5,61.5,50.75,3.1,29.775,108.0,2.7,-7.4254303,4.708069,-5.679016,3.524475,0.0,28.5,77.25,2025-02-20 13:30:00+05:30,13
1.3033333333333335,15.425,139.675,0.086825,10.5,83.5,58.5,51.0,6.449999999999999,29.475,112.0,3.05,-7.129959,5.181671,-5.426544,3.8628235,0.0,28.5,77.25,2025-02-20 14:30:00+05:30,14
1.2650000000000001,15.575000000000001,138.175,0.08612500000000001,10.8,81.5,50.5,51.75,6.6499999999999995,29.125,114.25,2.7,-6.4735565,4.984604,-4.8979645,3.656723,0.0,28.5,77.25,2025-02-20 15:30:00+05:30,15
1.225,16.6,136.175,0.085925,10.35,65.5,39.5,54.75,9.7,27.9,113.25,2.35,-6.0701904,4.805023,-4.444046,3.4447937,0.0,28.5,77.25,2025-02-20 16:30:00+05:30,16
1.245,20.825,136.675,0.089625,9.75,58.5,31.5,61.25,7.65,25.400000000000002,108.0,1.85,-5.2726746,3.9751892,-3.2137299,2.2846222,2.861023e-06,28.5,77.25,2025-02-20 17:30:00+05:30,17
1.2975,25.1,133.4,0.09137499999999997,9.4,60.5,29.5,64.25,5.425,23.875,105.5,1.75,-5.8818207,3.322815,-3.0593414,1.3880157,0.00012207031,28.5,77.25,2025-02-20 18:30:00+05:30,18
1.335,30.65,131.375,0.09482499999999999,9.2,66.0,38.5,65.25,1.3,23.4,104.75,1.8,-7.204422,2.8885345,-3.7996216,1.0657806,3.8146973e-06,28.5,77.25,2025-02-20 19:30:00+05:30,19
1.3466666666666667,30.099999999999998,132.0,0.09466666666666661,8.933333333333332,76.33333333333333,48.333333333333336,65.0,11.95,22.96666666666667,110.0,1.0333333333333334,-7.8677673,2.5936737,-4.15831,0.98428345,0.0,28.5,77.25,2025-02-20 20:30:00+05:30,20
1.4175,32.425,132.425,0.096825,9.2,92.5,57.0,64.0,13.175,22.6,92.75,1.3,-7.5605774,2.6470947,-3.8605347,1.0663452,9.536743e-07,28.5,77.25,2025-02-20 21:30:00+05:30,21
1.45,33.9,132.2,0.09784999999999999,8.7,96.0,68.5,65.75,18.95,22.125,98.0,1.1,-6.6208954,2.4636993,-3.1230927,0.7960205,2.3841858e-05,28.5,77.25,2025-02-20 22:30:00+05:30,22
1.4849999999999999,35.65,131.14999999999998,0.0987,7.8,96.0,72.0,68.0,18.2,21.65,131.0,0.35,-5.505661,-0.25801086,-2.240158,-0.81788635,0.0001745224,28.5,77.25,2025-02-20 23:30:00+05:30,23
1.5366666666666668,39.36666666666667,126.76666666666667,0.09946666666666666,9.2,103.66666666666667,74.66666666666667,75.0,4.2,19.566666666666666,314.0,0.3,-5.3096466,-4.0791016,-2.2935944,-2.486908,0.00014591217,28.5,77.25,2025-02-21 00:30:00+05:30,0
1.5366666666666668,42.86666666666667,123.86666666666667,0.10070000000000001,8.5,96.5,69.5,78.75,10.799999999999999,17.575,290.25,0.3,-5.728424,-3.3736267,-2.7104797,-1.8847961,9.536743e-05,28.5,77.25,2025-02-21 01:30:00+05:30,1
1.41,46.1,114.63333333333333,0.09849999999999999,7.7749999999999995,78.5,53.0,81.5,12.2,16.8,283.25,0.3,-5.8549347,-1.9503632,-2.7799835,-1.12117,8.583069e-06,28.5,77.25,2025-02-21 02:30:00+05:30,2
1.385,45.075,116.45,0.098525,8.8,73.5,55.5,80.75,10.9,17.4,262.25,0.35,-3.5437164,-3.2104034,-1.0910187,-1.6658936,0.0,28.5,77.25,2025-02-21 03:30:00+05:30,3
1.3575,43.15,116.55,0.09705,8.4,82.5,68.5,84.25,10.933333333333332,15.35,261.5,0.3,-3.7430115,-2.5299377,-1.1101837,-1.3031464,0.0,28.5,77.25,2025-02-21 04:30:00+05:30,4
1.3375000000000001,45.075,111.975,0.09617499999999995,8.85,88.0,72.5,87.25,12.3,14.15,261.75,0.3,-3.816574,-1.6643524,-1.3320312,-1.2204132,0.0,28.5,77.25,2025-02-21 05:30:00+05:30,5
1.3966666666666667,48.833333333333336,109.63333333333333,0.09799999999999999,8.266666666666667,101.66666666666667,86.66666666666667,89.33333333333333,6.133333333333333,13.933333333333332,261.0,0.3,-3.7573547,-0.7041931,-1.8172913,-1.2319641,0.0,28.5,77.25,2025-02-21 06:30:00+05:30,6
1.5366666666666668,59.4,107.06666666666666,0.10523333333333333,8.266666666666667,147.66666666666666,113.33333333333333,89.66666666666667,7.266666666666666,15.966666666666667,247.66666666666666,0.3,-3.247223,0.05430603,-0.9371033,-0.65441895,0.0,28.5,77.25,2025-02-21 07:30:00+05:30,7
1.6749999999999998,70.975,107.4,0.1148,8.3,152.5,106.0,78.5,8.6,21.6,100.75,0.625,-2.33432,0.4152832,-0.7909241,-0.31303406,0.0,28.5,77.25,2025-02-21 08:30:00+05:30,8
1.7475,69.75,119.375,0.120175,8.6,139.0,90.5,62.0,3.075,25.45,155.25,0.675,-0.84498596,0.17814636,-0.54815674,-0.038467407,0.0,28.5,77.25,2025-02-21 09:30:00+05:30,9
1.6900000000000002,61.666666666666664,127.13333333333333,0.1178,8.200000000000001,127.0,79.66666666666667,52.0,3.1,27.566666666666666,124.33333333333333,0.9333333333333332,-0.5733032,0.42697144,-0.44709778,0.27113342,0.0,28.5,77.25,2025-02-21 10:30:00+05:30,10
1.5599999999999998,44.23333333333333,132.23333333333332,0.1063,8.333333333333334,116.33333333333333,69.66666666666667,47.333333333333336,4.6,30.266666666666666,175.66666666666666,1.0,-0.17237854,0.6110687,-0.11932373,0.46339417,0.0,28.5,77.25,2025-02-21 11:30:00+05:30,11
,,,,,,,,,,,,0.47465515,0.6110077,0.4411316,0.45861816,0.0,28.5,77.25,2025-02-21 12:30:00+05:30,12
0.0,0.0,0.0,0.0,6.1,,,56.5,,28.450000000000003,237.0,1.85,0.9164276,0.21354675,0.794693,0.122543335,0.0,28.5,77.25,2025-02-21 13:30:00+05:30,13
1.1724999999999999,3.4,84.60000000000001,0.04776666666666663,10.8,152.0,102.0,55.75,8.200000000000001,28.2,232.75,1.775,1.6497498,-0.15238953,1.390686,-0.18966675,0.0,28.5,77.25,2025-02-21 14:30:00+05:30,14
1.36,8.975,116.125,0.06909999999999998,11.6,152.0,102.0,60.0,,26.65,259.75,1.975,2.7716827,-1.8818817,2.2266388,-1.5654602,0.0,28.5,77.25,2025-02-21 15:30:00+05:30,15
,10.149999999999999,135.45,0.08029999999999995,,,,63.0,,25.65,269.5,2.05,3.1703186,-2.8081665,2.4559937,-2.1916962,0.0,28.5,77.25,2025-02-21 16:30:00+05:30,16
1.3500000000000003,6.7,128.53333333333333,0.0738,13.866666666666665,125.0,86.0,68.0,9.2,23.633333333333336,251.33333333333334,0.9666666666666667,3.6196442,-3.7503967,2.0269928,-2.0306244,0.0,28.5,77.25,2025-02-21 17:30:00+05:30,17
1.3233333333333335,13.266666666666666,133.93333333333334,0.082,8.666666666666666,122.33333333333333,83.33333333333333,73.0,7.8500000000000005,22.400000000000002,258.6666666666667,0.9666666666666667,3.670288,-4.6531525,1.7565155,-1.9841461,0.0,28.5,77.25,2025-02-21 18:30:00+05:30,18
1.4224999999999999,16.25,137.225,0.0862,8.55,122.5,85.5,77.0,5.333333333333333,21.575,251.0,0.525,3.6041565,-5.015167,1.787735,-2.0782623,0.0,28.5,77.25,2025-02-21 19:30:00+05:30,19
1.4366666666666665,21.35,131.15,0.0871,8.525,128.0,91.5,81.25,9.4,20.75,269.75,0.55,3.8430328,-4.9264984,1.87883,-1.9603424,0.0,28.5,77.25,2025-02-21 20:30:00+05:30,20
1.375,27.799999999999997,116.85,0.084725,8.4,129.5,111.5,82.0,6.466666666666666,20.6,259.5,0.85,4.0103607,-4.8938446,1.9185181,-1.8767548,0.0,28.5,77.25,2025-02-21 21:30:00+05:30,21
1.33,36.15,114.25,0.09015000000000001,9.2,116.0,104.5,83.0,8.1,20.1,264.0,1.05,4.368469,-4.523163,2.0874023,-1.6277161,0.0,28.5,77.25,2025-02-21 22:30:00+05:30,22
1.3,40.8,113.94999999999999,0.09385,7.6,105.0,80.0,83.0,7.7,19.35,258.5,0.8500000000000001,4.672119,-4.234741,2.2214813,-1.4685211,0.0,28.5,77.25,2025-02-21 23:30:00+05:30,23
1.2533333333333332,43.76666666666667,133.29999999999998,0.10649999999999993,9.2,94.33333333333333,45.0,86.66666666666667,,18.266666666666666,256.3333333333333,0.9,4.909668,-4.4519043,2.3761902,-1.6629181,0.0,28.5,77.25,2025-02-22 00:30:00+05:30,0
1.1833333333333333,40.63333333333333,130.93333333333334,0.10266666666666667,8.8,98.0,53.5,88.0,,17.675,257.75,0.75,4.893173,-4.7878113,2.4454803,-1.9213104,0.0,28.5,77.25,2025-02-22 01:30:00+05:30,1
1.0550000000000002,35.36666666666667,113.3,0.08889999999999999,8.625,98.0,70.0,89.0,2.4,17.125,258.5,0.725,5.045334,-4.945221,2.5604706,-2.0558777,0.0,28.5,77.25,2025-02-22 02:30:00+05:30,2
1.0325,37.2,103.3,0.0852,8.100000000000001,91.5,87.5,90.5,,16.475,254.5,0.525,4.4737854,-4.462433,2.2373505,-1.889328,0.0,28.5,77.25,2025-02-22 03:30:00+05:30,3
1.01,40.875,103.125,0.088075,8.8,94.5,89.5,91.0,7.5,15.9,242.75,0.375,4.1621094,-4.457611,2.108017,-1.8517456,0.0,28.5,77.25,2025-02-22 04:30:00+05:30,4
1.0475,43.3,108.65,0.093,7.575,90.5,62.5,91.0,4.633333333333334,15.6,259.25,0.575,4.676361,-3.9696503,2.430481,-1.5565796,0.0,28.5,77.25,2025-02-22 05:30:00+05:30,5
1.0350000000000001,43.975,124.425,0.10195,9.85,75.0,36.5,91.0,1.0333333333333334,15.350000000000001,237.75,0.525,5.4883575,-3.437622,2.834381,-1.3483582,0.0,28.5,77.25,2025-02-22 06:30:00+05:30,6
1.045,39.075,127.05,0.099325,9.1,69.0,37.0,90.5,3.95,16.175,214.75,0.35,5.161545,-3.3208923,2.8479462,-1.4579315,0.0,28.5,77.25,2025-02-22 07:30:00+05:30,7
1.0875000000000001,37.975,117.9,0.093525,9.3,86.0,62.0,85.0,12.233333333333334,19.325000000000003,220.5,0.7,3.9481812,-2.6478424,2.6669312,-1.5747833,0.0,28.5,77.25,2025-02-22 08:30:00+05:30,8
1.1075,37.075,103.25,0.085075,7.3,103.0,86.5,76.0,16.075,22.15,227.5,1.225,3.616516,-2.5150452,2.788208,-1.8538513,0.0,28.5,77.25,2025-02-22 09:30:00+05:30,9
1.1225,36.1,107.575,0.08655,8.05,118.0,99.0,68.75,8.733333333333334,23.8,229.5,1.525,3.7689972,-2.7746277,2.9734802,-2.1399841,0.0,28.5,77.25,2025-02-22 10:30:00+05:30,10
1.1400000000000001,34.325,117.725,0.090575,8.575,128.5,86.0,60.0,7.166666666666667,25.275,241.25,2.125,3.7216644,-2.8863373,2.9623108,-2.282608,0.0,28.5,77.25,2025-02-22 11:30:00+05:30,11
1.1175000000000002,21.4,142.825,0.09335,10.4,135.5,52.0,53.75,17.3,26.975,238.0,2.25,3.5817719,-2.6805267,2.8616028,-2.1470184,0.0,28.5,77.25,2025-02-22 12:30:00+05:30,12
1.0525,11.875,144.14999999999998,0.08639999999999999,10.9,109.5,37.0,51.5,22.275,27.4,231.75,2.3249999999999997,3.973053,-2.8083649,3.1544037,-2.2299042,0.0,28.5,77.25,2025-02-22 13:30:00+05:30,13
0.9475,10.175,131.4,0.078175,10.975,70.5,46.5,48.75,24.025,27.675,232.25,2.225,4.2673187,-3.0321655,3.3430786,-2.3960724,0.0,28.5,77.25,2025-02-22 14:30:00+05:30,14
0.86,9.825,113.575,0.068425,7.625,66.0,62.5,48.5,25.225,27.05,249.75,1.75,4.1342773,-2.6888733,3.207016,-2.1344757,0.0,28.5,77.25,2025-02-22 15:30:00+05:30,15
0.98,17.05,114.075,0.074525,8.65,72.5,51.5,50.75,8.133333333333333,25.925,247.5,1.625,3.8070526,-2.7972717,2.8759155,-2.1593933,0.0,28.5,77.25,2025-02-22 16:30:00+05:30,16
1.3050000000000002,22.75,121.625,0.0832,8.925,67.5,26.5,57.5,16.75,23.675,202.25,0.8,3.5233002,-2.7011871,1.8821259,-1.4775391,0.0,28.5,77.25,2025-02-22 17:30:00+05:30,17
1.3675000000000002,25.625,137.5,0.09394999999999999,9.45,44.5,29.0,67.0,3.4000000000000004,20.75,276.25,0.3,3.346756,-3.2194061,1.383606,-1.3412628,0.0,28.5,77.25,2025-02-22 18:30:00+05:30,18
1.47,28.575,133.15,0.09404999999999995,8.850000000000001,52.5,45.0,74.5,4.85,18.8,295.75,0.3,3.0293274,-3.972046,1.197403,-1.6449432,0.0,28.5,77.25,2025-02-22 19:30:00+05:30,19
1.5725,30.450000000000003,127.72500000000001,0.09267500000000001,9.725,86.5,53.5,75.5,12.05,19.375,276.0,0.425,2.2627716,-4.589325,0.81111145,-1.8609924,0.0,28.5,77.25,2025-02-22 20:30:00+05:30,20
1.6125,32.400000000000006,111.825,0.085825,7.85,101.5,72.5,77.0,10.025,17.85,287.25,0.3,1.805481,-4.7157288,0.63352966,-1.8593597,0.0,28.5,77.25,2025-02-22 21:30:00+05:30,21
1.65,38.375,104.95,0.087075,7.85,93.5,73.0,81.75,11.725,16.575,285.0,0.3,1.9989166,-4.436981,0.92056274,-1.9198303,0.0,28.5,77.25,2025-02-22 22:30:00+05:30,22
1.66,42.3,104.2,0.0897999999999999,8.4,85.0,63.0,83.0,11.3,16.7,289.0,0.3,2.3330994,-4.155548,1.288269,-1.9146423,0.0,28.5,77.25,2025-02-22 23:30:00+05:30,23
1.6666666666666667,46.36666666666667,127.8,0.10569999999999996,9.100000000000001,77.66666666666667,37.666666666666664,86.33333333333333,21.233333333333334,14.866666666666667,219.66666666666666,0.3,2.8129272,-4.0082397,1.5165863,-1.6062622,0.0,28.5,77.25,2025-02-23 00:30:00+05:30,0
1.6366666666666667,43.93333333333334,126.53333333333335,0.10303333333333332,8.6,76.0,41.5,88.75,15.799999999999999,14.175,219.25,0.3,3.098404,-3.9978485,1.5490417,-1.4169922,0.0,28.5,77.25,2025-02-23 01:30:00+05:30,1
1.55,40.400000000000006,112.05,0.09240000000000001,9.533333333333333,74.33333333333333,59.333333333333336,89.66666666666667,22.65,13.633333333333333,171.33333333333334,0.3,3.254593,-4.1575623,1.5189667,-1.4086609,0.0,28.5,77.25,2025-02-23 02:30:00+05:30,2
1.5125,39.675,97.775,0.084275,6.875,75.0,69.5,90.75,28.475,13.225,269.5,0.3,3.0770416,-3.6768036,1.4056396,-1.2414246,0.0,28.5,77.25,2025-02-23 03:30:00+05:30,3
1.5025,45.25,96.675,0.08822499999999997,7.225,81.5,77.5,92.0,10.25,13.325,262.5,0.3,2.8270416,-3.7133026,1.3312073,-1.2734528,0.0,28.5,77.25,2025-02-23 04:30:00+05:30,4
1.5475,51.55,98.35000000000001,0.09427499999999997,6.8999999999999995,96.0,77.0,92.0,4.05,13.25,248.25,0.3,2.7024689,-3.6041565,1.3336487,-1.2177277,0.0,28.5,77.25,2025-02-23 05:30:00+05:30,5
1.5525,53.15,112.0,0.1028,8.75,97.0,61.0,92.5,1.9500000000000002,12.55,248.75,0.3,2.529541,-3.2196808,1.3618774,-1.0693359,0.0,28.5,77.25,2025-02-23 06:30:00+05:30,6
1.5866666666666667,53.5,111.3,0.1027,7.666666666666667,95.33333333333333,66.66666666666667,92.33333333333333,,14.9,186.33333333333334,0.3,2.466629,-2.79747,1.7767792,-1.0444031,0.0,28.5,77.25,2025-02-23 07:30:00+05:30,7
1.6675,59.725,112.95,0.10864999999999997,9.325,108.5,81.5,82.75,15.466666666666667,20.6,196.75,0.45,2.398468,-2.1481476,1.4801788,-0.7335205,0.0,28.5,77.25,2025-02-23 08:30:00+05:30,8
1.6075000000000002,53.975,108.475,0.101525,7.0249999999999995,126.0,100.0,69.0,13.75,24.3,225.25,0.825,1.7465515,-0.8503113,1.3358917,-0.57502747,0.0,28.5,77.25,2025-02-23 09:30:00+05:30,9
1.59,46.125,113.175,0.09772499999999999,7.949999999999999,128.0,108.0,57.25,7.975,26.35,233.75,1.475,1.8605042,-1.018631,1.5285187,-0.7871704,0.0,28.5,77.25,2025-02-23 10:30:00+05:30,10
1.5825,36.75,121.7,0.09459999999999999,7.0,129.0,95.5,51.5,12.55,28.475,220.5,1.375,2.0815735,-1.574707,1.6982422,-1.2827911,0.0,28.5,77.25,2025-02-23 11:30:00+05:30,11
1.5566666666666666,24.0,149.03333333333333,0.09883333333333333,9.866666666666667,126.66666666666667,55.333333333333336,46.333333333333336,18.666666666666668,29.833333333333332,247.33333333333334,1.6666666666666667,2.0656433,-1.8280029,1.677887,-1.5117188,0.0,28.5,77.25,2025-02-23 12:30:00+05:30,12
1.46,17.175,147.525,0.092475,10.2,92.5,36.0,42.25,18.0,30.9,226.5,1.675,1.9048157,-1.8742371,1.5414581,-1.564621,0.0,28.5,77.25,2025-02-23 13:30:00+05:30,13
1.355,12.125,138.95,0.083775,11.375,66.0,41.0,43.25,22.474999999999998,31.15,232.25,1.475,2.0078125,-1.7996979,1.6223907,-1.4981079,0.0,28.5,77.25,2025-02-23 14:30:00+05:30,14
1.29,15.125,117.35,0.074775,8.3,79.5,66.0,45.5,21.15,30.325,220.5,1.425,2.9229736,-1.8023682,2.3040009,-1.4768219,0.0,28.5,77.25,2025-02-23 15:30:00+05:30,15
1.28,19.725,121.6,0.080725,8.425,98.0,66.0,50.25,13.899999999999999,28.35,243.5,1.325,3.005249,-1.6963806,2.3060913,-1.341156,0.0,28.5,77.25,2025-02-23 16:30:00+05:30,16
1.2575,25.825,125.75,0.0879,7.6,99.0,45.0,55.0,14.1,25.475,251.5,0.3,2.8022156,-1.6992645,1.2113037,-0.74201965,0.0,28.5,77.25,2025-02-23 17:30:00+05:30,17
1.3125,29.625,140.425,0.09875,9.55,61.0,26.5,64.5,6.2250000000000005,21.5,300.75,0.3,2.6006012,-2.1533356,2.0916138,-1.7908936,0.0,28.5,77.25,2025-02-23 18:30:00+05:30,18
1.4224999999999999,31.4,138.04999999999998,0.09892499999999997,8.475,60.0,22.5,73.25,8.725,19.225,279.0,0.3,2.0397186,-2.61734,1.6049805,-2.2555847,0.0,28.5,77.25,2025-02-23 19:30:00+05:30,19
1.5925,34.675,133.05,0.09889999999999997,9.45,106.0,55.5,78.75,20.700000000000003,17.6,275.75,0.3,1.4645844,-3.3010101,0.9447174,-2.5189972,0.0,28.5,77.25,2025-02-23 20:30:00+05:30,20
1.725,38.05,111.67500000000001,0.09034999999999992,7.225,122.5,89.5,83.5,14.0,16.325,308.75,0.3,0.885437,-3.778885,0.3885498,-2.5560455,0.0,28.5,77.25,2025-02-23 21:30:00+05:30,21
1.895,46.125,106.7,0.09427499999999997,7.949999999999999,135.0,111.5,86.0,24.5,16.025,314.25,0.3,0.5120239,-4.0500793,0.15866089,-2.5183258,0.0,28.5,77.25,2025-02-23 22:30:00+05:30,22
1.975,52.65,104.9,0.0986,7.9,147.0,121.0,87.5,6.3,15.35,305.5,0.3,0.38056946,-4.075653,0.17886353,-2.5922852,0.0,28.5,77.25,2025-02-23 23:30:00+05:30,23
1.99,58.23333333333333,129.79999999999998,0.11636666666666666,8.8,133.0,76.66666666666667,90.0,15.350000000000001,14.9,224.33333333333334,0.3,0.17959595,-4.0857544,0.11903381,-2.6269836,0.0,28.5,77.25,2025-02-24 00:30:00+05:30,0
1.9266666666666665,55.166666666666664,125.33333333333333,0.11149999999999993,8.7,121.0,72.5,90.75,7.3999999999999995,14.1,266.5,0.3,-0.0473938,-4.1153717,0.03855896,-2.6949463,0.0,28.5,77.25,2025-02-24 01:30:00+05:30,1
1.755,49.133333333333326,107.73333333333333,0.09723333333333334,9.15,108.0,84.0,92.0,6.0,13.45,250.75,0.3,-0.10795593,-3.9264832,0.10765076,-2.8742676,0.0,28.5,77.25,2025-02-24 02:30:00+05:30,2
1.68,47.025,92.775,0.087575,7.175,101.5,84.5,93.0,12.05,13.0,245.5,0.3,0.51005554,-2.8929596,1.1702118,-2.0751953,0.0,28.5,77.25,2025-02-24 03:30:00+05:30,3
1.6524999999999999,52.5,90.525,0.090875,8.25,98.5,90.5,93.5,1.3,12.475,246.0,0.3,1.2082977,-2.600174,1.7060242,-1.4914398,0.0,28.5,77.25,2025-02-24 04:30:00+05:30,4
1.7425,68.425,92.6,0.10492499999999998,6.725,110.0,92.0,94.0,5.2,12.725,246.25,0.3,1.8294525,-2.9787445,1.4219055,-1.2065735,0.0,28.5,77.25,2025-02-24 05:30:00+05:30,5
1.8466666666666667,88.26666666666667,107.2,0.1288,8.733333333333334,145.66666666666666,96.33333333333333,94.0,3.7,13.533333333333333,211.33333333333334,0.3,2.417038,-3.1982117,1.4507751,-1.0806122,0.0,28.5,77.25,2025-02-24 06:30:00+05:30,6
1.89,91.1,108.80000000000001,0.13195,8.1,151.5,105.5,93.75,3.9333333333333336,14.8,240.0,0.3,2.5999298,-2.872879,1.7627411,-1.0749054,0.0,28.5,77.25,2025-02-24 07:30:00+05:30,7
1.935,91.325,113.875,0.13485,9.1,230.5,112.5,85.75,20.766666666666666,21.1,266.75,0.35,2.3380432,-2.293808,1.3644257,-0.8427887,0.0,28.5,77.25,2025-02-24 08:30:00+05:30,8
1.8775,75.375,108.65,0.11907499999999997,6.875,243.5,119.0,71.75,18.35,25.0,242.0,0.9,1.3784637,-0.98916626,1.0336304,-0.6145325,0.0,28.5,77.25,2025-02-24 09:30:00+05:30,9
1.7933333333333332,64.26666666666667,114.60000000000001,0.11323333333333334,8.466666666666667,161.33333333333334,116.66666666666667,57.666666666666664,18.533333333333335,27.46666666666667,219.33333333333334,1.0666666666666667,1.1886444,-1.0196991,0.99313354,-0.7950287,0.0,28.5,77.25,2025-02-24 10:30:00+05:30,10
1.7125,52.75,123.0,0.10829999999999998,6.925,139.0,96.0,50.25,8.225,29.4,219.75,1.175,1.156662,-1.120163,0.96336365,-0.93370056,0.0,28.5,77.25,2025-02-24 11:30:00+05:30,11
1.6275,35.45,153.225,0.11029999999999998,10.85,112.0,55.0,47.0,15.033333333333333,30.6,228.25,1.5,1.1349945,-1.0451813,0.9417572,-0.8810272,0.0,28.5,77.25,2025-02-24 12:30:00+05:30,12
1.54,15.825000000000001,144.15,0.08952499999999997,22.35,95.0,42.0,45.0,16.025,30.875,242.5,1.7,1.5779877,-1.4692993,1.2931976,-1.2252197,0.0,28.5,77.25,2025-02-24 13:30:00+05:30,13
1.25,3.25,73.425,0.041725,40.8,84.5,69.5,45.25,22.2,31.65,240.25,1.5,1.6932831,-1.625946,1.3731232,-1.346817,0.0,28.5,77.25,2025-02-24 14:30:00+05:30,14
1.2325,3.8499999999999996,90.575,0.051324999999999975,11.55,84.5,74.5,46.25,12.075,30.525,252.25,1.475,2.609558,-2.4754944,2.0382385,-1.9925537,0.0,28.5,77.25,2025-02-24 15:30:00+05:30,15
1.2433333333333334,7.85,101.7,0.0605,9.45,86.5,56.5,45.75,9.666666666666666,29.075000000000003,245.75,1.375,2.504654,-3.0164642,1.8767548,-2.3244019,0.0,28.5,77.25,2025-02-24 16:30:00+05:30,16
1.2725,13.625,107.775,0.06842499999999997,8.4,79.5,42.5,52.5,7.925,26.3,262.0,1.175,2.2526245,-3.3041687,1.0248413,-1.4879608,0.0,28.5,77.25,2025-02-24 17:30:00+05:30,17
1.3599999999999999,20.900000000000002,127.16666666666667,0.0846333333333333,7.7,78.0,22.666666666666668,61.666666666666664,0.9,23.266666666666666,289.6666666666667,0.39999999999999997,2.1858368,-3.9844208,1.2391968,-2.052124,0.0,28.5,77.25,2025-02-24 18:30:00+05:30,18
1.3900000000000001,23.325,135.25,0.09087499999999997,9.35,84.5,34.5,71.0,3.3333333333333335,19.775,285.25,0.3,1.6908417,-4.3245544,1.0025787,-2.288147,0.0,28.5,77.25,2025-02-24 19:30:00+05:30,19
1.5866666666666667,30.133333333333336,130.46666666666667,0.0939,8.266666666666666,100.33333333333333,63.666666666666664,80.0,32.85,17.066666666666666,282.3333333333333,0.3,0.8371124,-4.1416626,0.5898895,-2.6909332,0.0,28.5,77.25,2025-02-24 20:30:00+05:30,20
1.5966666666666667,36.5,115.19999999999999,0.09094999999999998,8.775,123.5,79.0,84.25,20.3,16.3,256.5,0.3,0.7008209,-3.9186096,0.6871033,-2.7423859,0.0,28.5,77.25,2025-02-24 21:30:00+05:30,21
1.635,47.1,105.825,0.09455,7.375,140.0,103.0,86.75,21.6,15.45,257.5,0.3,1.131485,-3.467743,1.359909,-2.5101318,0.0,28.5,77.25,2025-02-24 22:30:00+05:30,22
1.79,57.15,104.15,0.10189999999999999,7.8,139.0,107.0,88.5,21.75,14.9,212.0,0.3,1.4860077,-3.101303,1.7083893,-2.2342224,0.0,28.5,77.25,2025-02-24 23:30:00+05:30,23
1.8399999999999999,84.53333333333333,130.0,0.1379,6.85,134.0,90.33333333333333,90.66666666666667,11.0,14.166666666666666,220.33333333333334,0.3,1.2443237,-3.1591644,1.40094,-2.4661407,0.0,28.5,77.25,2025-02-25 00:30:00+05:30,0
1.5366666666666668,93.63333333333333,126.16666666666667,0.14323333333333332,8.149999999999999,123.5,84.5,91.75,8.5,13.825,219.25,0.3,1.1283264,-3.3375092,1.2963562,-2.6619263,0.0,28.5,77.25,2025-02-25 01:30:00+05:30,1
1.34,85.36666666666667,117.2,0.13179999999999994,8.733333333333333,110.66666666666667,82.66666666666667,92.0,19.1,13.833333333333334,222.66666666666666,0.3,1.144989,-3.5807343,1.3009796,-2.779068,0.0,28.5,77.25,2025-02-25 02:30:00+05:30,2
1.1949999999999998,75.1,102.275,0.11547499999999998,7.775,103.5,84.0,92.5,13.75,13.475,229.75,0.3,0.5038452,-2.9738464,0.9279022,-2.3726501,0.0,28.5,77.25,2025-02-25 03:30:00+05:30,3
1.1225,73.45,91.175,0.10822499999999997,7.4,107.0,101.0,93.0,,13.649999999999999,219.75,0.3,0.58984375,-2.5951538,1.0970612,-1.9770508,0.0,28.5,77.25,2025-02-25 04:30:00+05:30,4
1.2149999999999999,82.55,89.925,0.11495,7.55,121.5,110.5,94.0,4.7,13.675,221.0,0.3,0.8471832,-2.3141785,1.4451141,-1.5157623,0.0,28.5,77.25,2025-02-25 05:30:00+05:30,5
1.31,94.7,102.56666666666666,0.1316333333333333,6.366666666666667,132.33333333333334,101.66666666666667,94.0,0.8,13.700000000000001,232.0,0.3,0.6085968,-2.4162292,1.0973511,-1.6791534,0.0,28.5,77.25,2025-02-25 06:30:00+05:30,6
1.37,103.73333333333333,110.3,0.14296666666666666,8.799999999999999,144.33333333333334,103.33333333333333,93.66666666666667,,14.966666666666667,197.66666666666666,0.3,0.7519989,-1.584137,1.0785675,-0.4147644,3.8146973e-06,28.5,77.25,2025-02-25 07:30:00+05:30,7
1.3975,101.725,115.15,0.14395,8.375,165.0,117.5,85.75,10.1,20.825,203.75,0.625,2.280716,-0.6330414,1.6049957,0.016723633,0.0,28.5,77.25,2025-02-25 08:30:00+05:30,8
1.395,82.55,116.4,0.129,8.525,184.0,115.5,70.75,2.35,25.5,223.25,0.85,1.9574738,-0.31573486,1.4069214,-0.17515564,9.536743e-07,28.5,77.25,2025-02-25 09:30:00+05:30,9
1.435,66.9,112.8,0.114425,7.9,178.0,119.5,57.25,12.05,27.95,233.25,1.225,1.1934509,0.23789978,0.9666748,0.21295166,0.0,28.5,77.25,2025-02-25 10:30:00+05:30,10
1.275,51.475,122.025,0.10684999999999995,7.75,157.0,115.5,48.25,9.266666666666667,30.15,233.25,1.375,1.5796356,-0.195755,1.2938232,-0.17625427,0.0,28.5,77.25,2025-02-25 11:30:00+05:30,11
1.28,35.75,141.925,0.1046,7.725,135.0,88.5,43.5,4.8,31.575000000000003,199.5,1.25,1.3747101,-1.3035583,1.1002197,-1.1068573,0.0,28.5,77.25,2025-02-25 12:30:00+05:30,12
1.295,17.474999999999998,152.375,0.09529999999999998,10.35,115.0,60.5,41.5,3.125,32.35,211.25,0.9,1.1310577,-1.9836426,0.89497375,-1.6561737,0.0,28.5,77.25,2025-02-25 13:30:00+05:30,13
1.19,10.4,149.2,0.087825,11.05,106.0,54.0,39.0,4.05,33.325,231.25,1.0750000000000002,0.9416809,-1.9747925,0.746994,-1.6495514,0.0,28.5,77.25,2025-02-25 14:30:00+05:30,14
1.1600000000000001,10.174999999999999,128.6,0.076675,10.325,100.0,63.0,40.75,2.6,32.25,251.25,1.175,1.4057922,-1.638794,1.1309662,-1.3717804,0.0,28.5,77.25,2025-02-25 15:30:00+05:30,15
1.3066666666666666,16.75,114.35,0.074475,8.25,89.0,69.5,38.5,14.433333333333332,30.75,277.25,0.95,1.1925201,-1.9043884,0.9199066,-1.5551147,0.0,28.5,77.25,2025-02-25 16:30:00+05:30,16
1.3125,25.625,111.35,0.08002499999999997,7.55,84.0,57.0,48.25,12.825,27.15,294.5,0.3,0.90574646,-2.1026459,0.47227478,-1.102768,0.0,28.5,77.25,2025-02-25 17:30:00+05:30,17
1.3500000000000003,33.3,125.225,0.09377499999999997,8.125,84.0,31.5,61.0,14.825,22.025,307.25,0.3,0.7349396,-1.7975922,0.6747589,-1.5304718,0.0,28.5,77.25,2025-02-25 18:30:00+05:30,18
1.545,38.225,134.625,0.102675,8.3,90.5,34.0,70.75,2.8249999999999997,18.925,256.0,0.3,0.8724823,-1.6666718,0.85775757,-1.5661926,0.0,28.5,77.25,2025-02-25 19:30:00+05:30,19
1.935,46.425,141.075,0.11285,9.2,114.5,61.5,76.0,8.5,17.65,190.0,0.3,0.72416687,-1.7323151,0.6319885,-1.9876709,0.0,28.5,77.25,2025-02-25 20:30:00+05:30,20
2.26,60.225,122.625,0.11417499999999994,7.75,137.0,82.5,78.5,15.775,17.225,198.0,0.3,-0.121032715,-1.2809601,-0.24610901,-1.9283142,0.0,28.5,77.25,2025-02-25 21:30:00+05:30,21
2.5125,78.9,108.425,0.12179999999999998,7.55,143.5,93.5,80.0,14.125,17.125,197.75,0.3,-0.9962311,-0.39007568,-1.2283173,-1.2639923,0.0,28.5,77.25,2025-02-25 22:30:00+05:30,22
2.59,91.05000000000001,109.2,0.13219999999999998,7.3,140.0,95.0,80.5,8.9,16.95,198.0,0.3,-1.6524048,0.6784973,-1.9675293,-0.28112793,0.0,28.5,77.25,2025-02-25 23:30:00+05:30,23
2.59,103.8,135.6,0.15653333333333333,6.65,117.66666666666667,73.0,82.66666666666667,9.6,16.400000000000002,198.0,0.3,-1.5833282,1.551178,-1.9053955,0.6385193,0.0,28.5,77.25,2025-02-26 00:30:00+05:30,0
2.5033333333333334,113.93333333333334,136.20000000000002,0.16503333333333334,6.9,114.0,63.0,84.5,10.933333333333332,16.225,198.5,0.3,-1.3977509,2.151764,-1.6300201,1.3159485,0.0,28.5,77.25,2025-02-26 01:30:00+05:30,1
2.38,128.63333333333333,131.13333333333333,0.1743,8.15,122.5,75.0,85.0,14.5,17.1,199.25,0.3,-1.3438263,1.9841309,-1.5212708,1.1843109,0.0,28.5,77.25,2025-02-26 02:30:00+05:30,2
2.3266666666666667,136.0666666666667,125.0,0.17713333333333328,8.7,137.66666666666666,86.33333333333333,85.33333333333333,17.4,17.433333333333334,165.66666666666666,0.3,-0.5293274,2.1374207,-0.9637909,1.3818054,0.0,28.5,77.25,2025-02-26 03:30:00+05:30,3
2.29,137.5,111.975,0.171375,7.425,140.5,103.0,86.75,9.533333333333333,17.2,247.0,0.3,-0.67326355,2.8354797,-0.62397766,1.2424622,0.0,28.5,77.25,2025-02-26 04:30:00+05:30,4
2.2975,139.77499999999998,111.575,0.173,7.75,130.0,102.5,86.75,8.25,17.9,174.0,0.3,-1.7109222,3.1694946,-1.1355286,1.2815247,0.0,28.5,77.25,2025-02-26 05:30:00+05:30,5
2.33,147.825,122.2,0.185175,7.975,123.5,79.0,86.75,6.55,18.125,174.0,0.3,-0.741272,2.6905823,-0.21897888,1.786789,0.0,28.5,77.25,2025-02-26 06:30:00+05:30,6
2.6675,169.9,129.175,0.20685,8.45,168.0,102.5,86.25,9.15,19.125,154.25,0.3,0.40823364,3.0435638,0.4003296,1.2850952,0.0,28.5,77.25,2025-02-26 07:30:00+05:30,7
3.125,199.52499999999998,128.525,0.2306,8.8,268.5,176.0,77.0,17.266666666666666,22.7,85.0,0.325,-0.13769531,3.3440857,-0.58291626,1.7112427,0.0,28.5,77.25,2025-02-26 08:30:00+05:30,8
3.195,177.475,128.225,0.2125,7.85,334.0,218.5,60.75,15.275,27.475,121.75,0.95,-1.3646698,3.0930786,-1.1879883,1.6748505,0.0,28.5,77.25,2025-02-26 09:30:00+05:30,9
3.0025,144.775,121.9,0.18257499999999996,7.025,313.5,208.0,53.0,12.175,30.225,114.75,1.0,-1.5762787,2.4972076,-1.3509979,1.905426,0.0,28.5,77.25,2025-02-26 10:30:00+05:30,10
2.7725,116.975,127.6,0.162975,8.05,266.5,182.5,47.75,13.700000000000001,33.425,114.75,1.075,-1.3432312,2.188858,-1.195282,1.736496,0.0,28.5,77.25,2025-02-26 11:30:00+05:30,11
2.475,88.375,146.775,0.149925,7.574999999999999,232.5,144.5,45.25,9.3,34.85,135.0,1.225,-1.503479,1.887619,-1.3274536,1.5214539,0.0,28.5,77.25,2025-02-26 12:30:00+05:30,12
2.1,45.3,177.35,0.131225,9.3,183.5,94.0,43.75,3.0666666666666664,35.325,116.25,1.425,-1.7241364,1.6955719,-1.4941864,1.3725739,0.0,28.5,77.25,2025-02-26 13:30:00+05:30,13
1.8425,23.825,174.2,0.11207500000000001,10.1,152.0,70.5,43.0,2.85,35.6,142.0,1.075,-1.1321411,1.7737732,-1.0038757,1.4475098,0.0,28.5,77.25,2025-02-26 14:30:00+05:30,14
1.61,16.2,144.6,0.0901,9.9,138.0,81.0,45.0,5.15,34.875,150.25,0.75,1.1126709,1.1659851,0.82429504,0.999527,0.0,28.5,77.25,2025-02-26 15:30:00+05:30,15
1.51,22.375,128.875,0.086775,8.55,138.0,87.0,49.75,7.3999999999999995,32.475,107.25,0.325,1.045166,0.4915619,0.7871704,0.4224701,0.0,28.5,77.25,2025-02-26 16:30:00+05:30,16
1.4166666666666667,35.800000000000004,124.33333333333333,0.09526666666666662,8.799999999999999,140.66666666666666,74.33333333333333,62.333333333333336,5.933333333333334,28.166666666666668,288.6666666666667,0.3,0.4077301,-0.79174805,0.025680542,-0.73672485,0.0,28.5,77.25,2025-02-26 17:30:00+05:30,17
1.4733333333333334,44.3,134.1,0.107375,8.875,154.5,76.5,69.25,11.9,25.525,295.75,0.3,-0.11477661,-1.5503998,-0.5857849,-1.3531342,0.0,28.5,77.25,2025-02-26 18:30:00+05:30,18
1.675,46.175,149.55,0.117075,11.175,179.5,73.0,73.5,3.1,24.625,262.75,0.3,-0.63261414,-1.2163544,-0.9990692,-0.93395996,0.0,28.5,77.25,2025-02-26 19:30:00+05:30,19
2.0225,48.975,157.55,0.123625,11.25,185.5,85.5,76.0,9.766666666666667,24.125,221.5,0.3,-1.8323822,-0.5992584,-1.6565399,-0.35795593,0.0,28.5,77.25,2025-02-26 20:30:00+05:30,20
2.4450000000000003,61.900000000000006,144.575,0.12724999999999997,10.625,198.0,128.0,78.75,14.0,23.05,263.25,0.35,-2.153366,0.17811584,-1.841156,0.20909119,0.0,28.5,77.25,2025-02-26 21:30:00+05:30,21
2.283333333333333,80.2,124.52499999999999,0.13145,9.9,222.0,161.5,79.75,18.475,22.325,215.25,0.3,-1.9268494,2.2820435,-1.0644989,1.8787384,0.0,28.5,77.25,2025-02-26 22:30:00+05:30,22
1.7349999999999999,91.75,122.1,0.13955,9.1,234.0,176.0,82.0,19.65,21.65,164.0,0.3,0.5047455,4.323105,0.8542633,2.284134,0.0,28.5,77.25,2025-02-26 23:30:00+05:30,23
1.705,103.36666666666667,127.76666666666665,0.1520333333333333,7.95,184.0,106.0,84.0,3.7,21.166666666666668,168.33333333333334,0.3,0.9980011,4.5303497,0.90390015,2.2417145,0.0,28.5,77.25,2025-02-27 00:30:00+05:30,0
1.49,97.36666666666667,135.1,0.1510666666666666,11.0,157.5,77.0,84.5,,21.125,168.0,0.3,1.063034,4.3741302,1.0166473,2.1435394,0.0,28.5,77.25,2025-02-27 01:30:00+05:30,1
1.13,77.33333333333333,134.06666666666666,0.13416666666666663,11.925,124.0,62.5,85.0,,21.35,167.25,0.3,1.183609,4.5452576,0.91108704,1.8608704,0.0,28.5,77.25,2025-02-27 02:30:00+05:30,2
1.045,78.7,126.85,0.13145,10.5,119.0,88.0,85.5,,21.975,198.25,0.3,1.7584686,5.612198,0.81481934,2.1575928,0.0,28.5,77.25,2025-02-27 03:30:00+05:30,3
1.5466666666666669,89.025,110.1,0.13095,8.8,137.0,109.0,85.5,9.5,22.175,188.75,0.375,1.9325104,5.7633514,0.8327484,2.2344513,3.862381e-05,28.5,77.25,2025-02-27 04:30:00+05:30,4
1.5550000000000002,106.45,107.075,0.14355,8.3,146.0,91.5,83.75,9.049999999999999,22.3,219.0,0.375,4.1751556,4.846512,2.226471,1.9449615,1.001358e-05,28.5,77.25,2025-02-27 05:30:00+05:30,5
1.6133333333333333,118.425,119.1,0.15965000000000001,9.7,192.5,110.5,80.75,3.3333333333333335,23.05,221.25,0.375,5.20224,1.1792145,2.550888,-0.190094,0.00013923645,28.5,77.25,2025-02-27 06:30:00+05:30,6
1.4566666666666668,112.325,132.475,0.16184999999999994,8.9,245.0,149.0,79.5,,23.0,242.5,1.425,3.8855896,-2.7959747,1.7833557,-1.9932404,0.0003900528,28.5,77.25,2025-02-27 07:30:00+05:30,7
1.3525,91.65,133.625,0.145625,11.425,119.0,73.0,76.25,3.0,23.25,203.75,0.8,1.4359589,-5.725006,0.55363464,-3.2804413,6.055832e-05,28.5,77.25,2025-02-27 08:30:00+05:30,8
1.0225,70.7,121.15,0.12192499999999995,10.3,104.0,61.0,78.25,5.125,22.8,212.75,0.625,-1.5825348,-6.3478546,-1.4287262,-3.5883484,3.385544e-05,28.5,77.25,2025-02-27 09:30:00+05:30,9
0.8775,63.599999999999994,106.45,0.10835,7.975,73.0,63.5,74.25,9.1,23.9,200.75,1.025,-4.233017,-5.0862427,-2.7260284,-2.7071075,3.8146973e-06,28.5,77.25,2025-02-27 10:30:00+05:30,10
0.7625,63.025,107.15,0.108225,7.2,62.5,53.5,65.25,10.35,26.15,182.75,0.8999999999999999,-5.785309,-3.7456818,-3.5957642,-1.8978729,4.196167e-05,28.5,77.25,2025-02-27 11:30:00+05:30,11
0.705,64.3,117.5,0.11479999999999997,8.375,74.5,31.5,62.25,6.8,26.675,201.5,1.025,-5.8874054,-2.8887482,-4.3898315,-2.0765686,0.0,28.5,77.25,2025-02-27 12:30:00+05:30,12
0.6575,56.475,132.85,0.116575,11.825,75.5,30.666666666666668,63.25,1.6,26.925,180.25,1.15,-5.2435913,-2.6071014,-4.0037994,-2.0187988,0.0,28.5,77.25,2025-02-27 13:30:00+05:30,13
0.605,46.525,136.3,0.110325,12.575,71.5,36.0,63.75,1.95,26.4,190.5,1.0,-4.6337433,-2.8973541,-3.519516,-2.2819366,0.0,28.5,77.25,2025-02-27 14:30:00+05:30,14
0.5125,41.175,121.2,0.09795,9.375,68.5,40.5,63.75,1.6,25.35,181.75,0.8,-4.5732574,-2.7964172,-3.5408936,-2.168747,0.0,28.5,77.25,2025-02-27 15:30:00+05:30,15
0.4875,44.0,108.625,0.09354999999999995,7.35,83.0,49.666666666666664,62.75,12.866666666666667,25.1,157.5,0.8,-4.9369507,-3.433014,-3.64711,-2.6047516,0.0,28.5,77.25,2025-02-27 16:30:00+05:30,16
0.4925,51.175,108.35000000000001,0.09922500000000001,8.525,92.5,43.5,64.5,3.4,24.375,171.75,0.525,-5.5167084,-2.9341888,-3.468872,-1.902771,0.0,28.5,77.25,2025-02-27 17:30:00+05:30,17
0.5375,58.85,118.2,0.11069999999999999,8.925,86.5,31.0,67.75,7.05,23.7,156.5,0.575,-5.97139,-1.5576935,-3.2644196,-0.9577942,0.0,28.5,77.25,2025-02-27 18:30:00+05:30,18
0.635,62.35,131.625,0.1207,11.2,68.0,19.666666666666668,70.75,2.533333333333333,23.0,148.5,0.325,-6.0346527,-0.739624,-2.9680634,-0.47201538,0.0,28.5,77.25,2025-02-27 19:30:00+05:30,19
0.7575000000000001,62.95,131.1,0.1209,11.65,63.0,31.0,73.0,14.799999999999999,22.3,50.5,0.3,-5.805664,0.532959,-2.6443787,0.1697998,3.33786e-06,28.5,77.25,2025-02-27 20:30:00+05:30,20
0.8133333333333334,66.0,125.13333333333333,0.1202333333333333,9.133333333333333,79.66666666666667,51.666666666666664,75.66666666666667,6.833333333333333,21.766666666666666,83.33333333333333,0.3666666666666667,-5.8778534,1.0925293,-2.7496338,0.3153534,2.861023e-06,28.5,77.25,2025-02-27 21:30:00+05:30,21
0.86,74.33333333333333,101.63333333333333,0.1145,8.4,111.0,80.33333333333333,72.66666666666667,22.066666666666666,22.833333333333332,108.66666666666667,0.39999999999999997,-4.969055,2.1131744,-2.0023956,0.7959595,0.0,28.5,77.25,2025-02-27 22:30:00+05:30,22
0.86,78.6,102.8,0.1186,7.3,127.0,90.0,73.0,9.7,22.7,161.0,0.4,-5.6503143,2.56044,-2.6509247,0.99287415,0.0,28.5,77.25,2025-02-27 23:30:00+05:30,23
0.87,87.43333333333334,119.7,0.13473333333333334,7.05,106.66666666666667,54.666666666666664,74.33333333333333,11.266666666666666,22.2,180.0,0.43333333333333335,-6.424835,3.2911835,-3.204773,1.493042,0.0,28.5,77.25,2025-02-28 00:30:00+05:30,0
0.7733333333333334,83.23333333333333,130.16666666666666,0.13686666666666666,12.95,74.0,37.0,71.25,7.8999999999999995,22.575,132.5,0.7,-6.4639435,4.2498474,-3.301361,2.1584167,0.0,28.5,77.25,2025-02-28 01:30:00+05:30,1
0.605,67.7,122.44999999999999,0.1202,10.733333333333334,54.333333333333336,27.0,70.0,11.399999999999999,22.766666666666666,92.0,0.6,-5.168396,4.9203033,-2.4843445,2.4473267,0.0,28.5,77.25,2025-02-28 02:30:00+05:30,2
0.49250000000000005,61.675,111.25,0.109325,9.175,58.5,41.0,71.5,14.4,22.425,96.0,1.0,-5.995697,4.9478455,-3.2554169,2.5362244,0.0,28.5,77.25,2025-02-28 03:30:00+05:30,3
0.4425,61.3,93.2,0.099425,6.975,88.0,57.0,73.25,5.25,22.0,99.0,1.4,-5.6753845,5.2248077,-3.08078,2.709488,0.0,28.5,77.25,2025-02-28 04:30:00+05:30,4
0.455,65.7,95.225,0.10405,7.425,107.0,54.0,74.75,23.1,21.625,101.0,1.175,-5.434952,5.3879547,-3.0124512,2.7389984,5.340576e-05,28.5,77.25,2025-02-28 05:30:00+05:30,5
0.5,73.95,102.7,0.114825,7.8,93.0,53.5,77.0,5.133333333333334,21.275,196.5,0.5,-4.7194824,4.543686,-2.4871216,1.9247589,1.4305115e-06,28.5,77.25,2025-02-28 06:30:00+05:30,6
1.2933333333333332,77.16666666666667,117.63333333333333,0.1253,11.166666666666666,84.33333333333333,51.666666666666664,75.66666666666667,1.3,21.8,135.66666666666666,1.1666666666666667,-2.6608276,-0.62939453,-0.98306274,-1.4332275,0.0,28.5,77.25,2025-02-28 07:30:00+05:30,7
1.3725,70.75,116.65,0.119575,11.6,92.5,47.0,74.25,7.0,22.65,129.25,1.55,-3.6195374,-3.7506256,-1.8400726,-2.7268372,0.0,28.5,77.25,2025-02-28 08:30:00+05:30,8
1.36,62.36666666666667,110.76666666666667,0.10963333333333332,8.633333333333333,107.0,53.0,72.33333333333333,4.85,23.733333333333334,124.66666666666667,1.0333333333333334,-3.9486847,-2.2844086,-2.8644257,-1.8507385,0.0005106926,28.5,77.25,2025-02-28 09:30:00+05:30,9
1.3566666666666667,59.75,96.05,0.099675,6.65,101.0,80.5,74.75,6.966666666666666,23.775,118.5,1.3250000000000002,-5.4231415,0.09939575,-4.174118,-0.056625366,0.0010046959,28.5,77.25,2025-02-28 10:30:00+05:30,10
1.385,59.05,100.75,0.101625,8.35,117.0,86.33333333333333,71.5,3.0666666666666664,24.475,114.5,2.55,-6.3334045,2.4544067,-4.814087,1.7574158,0.0007724762,28.5,77.25,2025-02-28 11:30:00+05:30,11
1.39,57.5,113.66666666666667,0.10723333333333333,7.566666666666666,119.66666666666667,52.0,68.0,12.05,26.133333333333336,131.33333333333334,1.633333333333333,-6.1557465,4.414688,-4.724869,3.3336334,4.2915344e-06,28.5,77.25,2025-02-28 12:30:00+05:30,12
1.4024999999999999,51.3,133.375,0.11265,11.175,106.5,51.5,59.5,6.2,29.7,118.0,2.05,-5.268387,5.318756,-3.9982605,3.9675293,0.0,28.5,77.25,2025-02-28 13:30:00+05:30,13
1.395,38.525,139.55,0.10549999999999995,12.625,103.5,52.0,59.25,7.85,29.7,119.0,2.6,-3.846756,4.83374,-3.0116272,3.692154,0.0,28.5,77.25,2025-02-28 14:30:00+05:30,14
1.33,29.15,133.9,0.09495,11.125,109.5,56.0,62.0,6.725,28.9,107.0,2.325,-1.9899445,5.4563904,-1.562027,4.1787567,0.0,28.5,77.25,2025-02-28 15:30:00+05:30,15
1.33,31.725,105.975,0.08214999999999997,7.825,125.5,59.5,65.5,3.8,28.175,110.0,1.725,-0.87649536,4.6273804,-0.69573975,3.5057983,0.0,28.5,77.25,2025-02-28 16:30:00+05:30,16
1.37,41.35,105.75,0.089875,8.325,126.0,54.0,71.0,2.3666666666666667,26.225,114.25,1.65,-0.6906128,3.54628,-0.54367065,2.0469055,0.0,28.5,77.25,2025-02-28 17:30:00+05:30,17
1.4266666666666665,51.225,111.725,0.101075,8.45,110.5,49.0,75.25,1.6,25.049999999999997,97.5,1.05,-0.8590851,3.477707,-0.8076172,2.201767,0.0,28.5,77.25,2025-02-28 18:30:00+05:30,18
1.4024999999999999,56.3,130.675,0.1152,12.875,83.5,49.5,80.0,3.9,24.25,119.25,0.8,-1.506607,4.1147766,-0.9921112,1.8835449,0.00083065033,28.5,77.25,2025-02-28 19:30:00+05:30,19
1.4933333333333334,56.166666666666664,131.36666666666667,0.11556666666666666,13.066666666666668,72.66666666666667,51.0,86.0,13.2,22.733333333333334,151.0,0.6,-1.7402039,5.0986633,-1.2285614,2.1181488,0.0024404526,28.5,77.25,2025-02-28 20:30:00+05:30,20
1.5325,58.9,116.95,0.110075,13.625,104.0,61.5,88.75,20.625,22.15,105.5,0.675,-3.0260468,3.3847656,-1.795517,0.87127686,0.00066041946,28.5,77.25,2025-02-28 21:30:00+05:30,21
1.4849999999999999,64.25,90.225,0.100225,8.149999999999999,105.5,76.0,88.5,19.85,21.675,101.75,0.5,-5.9752197,-0.7805176,-3.0254211,-0.9703827,2.336502e-05,28.5,77.25,2025-02-28 22:30:00+05:30,22
1.44,71.4,88.15,0.1049,8.8,103.0,82.0,88.0,29.200000000000003,21.3,94.5,0.6,-7.7421875,-3.062851,-4.253311,-2.059021,1.8119812e-05,28.5,77.25,2025-02-28 23:30:00+05:30,23
1.4566666666666668,80.23333333333333,100.96666666666665,0.11893333333333334,7.35,94.33333333333333,58.0,88.66666666666667,9.533333333333333,20.933333333333334,180.0,0.3333333333333333,-7.180008,-2.7065277,-4.0255585,-1.9058685,0.0,28.5,77.25,2025-03-01 00:30:00+05:30,0
1.435,78.95,117.2,0.12655,16.200000000000003,63.333333333333336,47.0,89.0,10.35,19.900000000000002,302.0,0.3,-7.033264,-2.2238312,-3.7377625,-1.464859,2.7656555e-05,28.5,77.25,2025-03-01 01:30:00+05:30,1
1.42,74.16666666666667,108.86666666666667,0.1182333333333333,14.5,63.5,42.5,91.0,7.6,19.375,247.25,0.325,-6.9171295,-1.8976593,-3.6766205,-1.275116,9.6321106e-05,28.5,77.25,2025-03-01 02:30:00+05:30,2
1.34,71.475,104.9,0.11392499999999997,12.05,77.0,58.333333333333336,89.0,7.2749999999999995,20.05,160.5,0.55,-5.1412354,0.51542664,-1.9421844,-0.29075623,0.0012159348,28.5,77.25,2025-03-01 03:30:00+05:30,3
1.2475,67.425,83.575,0.099275,8.725,91.0,64.33333333333333,87.25,0.75,20.125,123.75,0.775,-3.8756256,-0.6829071,-1.0818024,-0.9963074,0.0023293495,28.5,77.25,2025-03-01 04:30:00+05:30,4
1.2275,70.175,88.275,0.10402499999999998,8.425,88.5,54.0,88.0,,19.9,224.5,0.8,-3.9639435,-3.5267181,-1.3124695,-2.3531647,0.0021419525,28.5,77.25,2025-03-01 05:30:00+05:30,5
1.1633333333333333,71.45,96.075,0.109175,9.325,71.0,43.5,90.75,0.3,19.45,206.0,0.325,-5.7491455,-3.0392609,-2.6132965,-1.7989349,0.0013027191,28.5,77.25,2025-03-01 06:30:00+05:30,6
1.3466666666666667,75.23333333333333,110.46666666666665,0.11993333333333334,11.966666666666667,59.666666666666664,40.333333333333336,91.66666666666667,2.9,20.033333333333335,199.66666666666666,0.39999999999999997,-7.2526245,-0.2989502,-3.8868103,-0.28260803,0.00045728683,28.5,77.25,2025-03-01 07:30:00+05:30,7
1.5066666666666666,81.53333333333333,115.56666666666666,0.12773333333333334,14.5,69.0,46.333333333333336,87.0,6.6,22.566666666666666,117.0,0.9,-6.7953186,0.98065186,-4.0437927,0.4954071,1.6212463e-05,28.5,77.25,2025-03-01 08:30:00+05:30,8
1.48,78.375,110.925,0.12275,12.25,97.0,61.5,78.5,5.666666666666667,25.475,148.0,0.975,-6.058243,1.1962433,-4.4190063,0.81695557,1.4305115e-06,28.5,77.25,2025-03-01 09:30:00+05:30,9
1.3925,70.275,87.525,0.1037,8.375,105.0,83.5,69.25,4.966666666666666,27.725,148.75,1.125,-6.3338623,1.678009,-4.772232,1.2138214,0.0,28.5,77.25,2025-03-01 10:30:00+05:30,10
1.37,65.825,93.8,0.103475,9.15,121.5,82.5,62.5,7.166666666666667,30.525,171.75,0.875,-6.3795776,2.571106,-4.892151,1.9479523,6.67572e-06,28.5,77.25,2025-03-01 11:30:00+05:30,11
1.3625,60.4,102.225,0.1035,8.274999999999999,149.0,69.5,59.25,17.033333333333335,31.2,155.5,1.225,-4.8193207,2.4767456,-3.7189026,1.8902283,6.2942505e-05,28.5,77.25,2025-03-01 12:30:00+05:30,12
1.4124999999999999,50.725,129.025,0.109925,12.6,122.0,63.666666666666664,56.25,12.133333333333333,32.2,148.75,1.25,-3.6799164,1.9196625,-2.9248505,1.496048,5.6266785e-05,28.5,77.25,2025-03-01 13:30:00+05:30,13
1.3800000000000001,37.166666666666664,137.29999999999998,0.10316666666666667,12.133333333333333,93.66666666666667,58.666666666666664,55.666666666666664,6.566666666666666,31.333333333333332,187.33333333333334,0.5666666666666667,-2.5332184,1.1011658,-2.03656,0.83540344,8.106232e-05,28.5,77.25,2025-03-01 14:30:00+05:30,14
1.32,30.8,139.86666666666667,0.0994,15.366666666666665,106.0,59.666666666666664,54.0,6.0,31.833333333333332,193.33333333333334,0.5,-1.861908,0.5519409,-1.533432,0.39505005,0.00010061264,28.5,77.25,2025-03-01 15:30:00+05:30,15
1.26,30.4,102.875,0.07944999999999998,7.575,123.0,65.5,58.25,1.0,30.125,244.25,0.425,-1.4882355,0.07713318,-1.2154083,0.02394104,7.6293945e-05,28.5,77.25,2025-03-01 16:30:00+05:30,16
1.3250000000000002,39.525,101.425,0.0861,8.1,109.5,53.0,66.0,10.9,27.025,272.25,0.75,-0.77456665,-0.58395386,-0.59906006,-0.42816162,0.0002975464,28.5,77.25,2025-03-01 17:30:00+05:30,17
1.3466666666666667,47.43333333333334,100.46666666666665,0.09200000000000001,7.2,85.33333333333333,38.0,71.0,8.95,25.3,264.0,0.8333333333333334,-1.1871643,-1.841919,-0.90800476,-1.6204071,0.0,28.5,77.25,2025-03-01 18:30:00+05:30,18
1.3875,52.45,131.875,0.11274999999999998,13.3,67.0,38.5,77.0,3.3,23.8,262.25,0.5,-1.7904663,-3.449585,-0.72476196,-1.7370605,0.0,28.5,77.25,2025-03-01 19:30:00+05:30,19
1.5275,52.55,129.625,0.11165,13.55,72.0,43.5,79.75,2.1,22.425,280.25,0.3,-2.619629,-4.625,-0.9421692,-2.1113129,0.0,28.5,77.25,2025-03-01 20:30:00+05:30,20
1.6325,54.35,121.57499999999999,0.108875,11.825,101.0,60.5,82.5,6.550000000000001,21.625,275.0,0.35,-3.287613,-5.239975,-1.2079315,-2.4081116,0.0,28.5,77.25,2025-03-01 21:30:00+05:30,21
1.4766666666666666,57.4,96.45,0.0979,8.15,115.0,101.0,82.75,10.55,21.7,269.75,0.35,-3.2115173,-5.308487,-1.188736,-2.4617157,0.0,28.5,77.25,2025-03-01 22:30:00+05:30,22
1.48,63.5,95.1,0.1022,8.7,124.0,129.0,83.5,3.4,21.25,245.5,0.35,-2.7292328,-5.606064,-0.9838257,-2.58255,0.0,28.5,77.25,2025-03-01 23:30:00+05:30,23
1.54,70.89999999999999,101.83333333333333,0.11183333333333334,7.1499999999999995,123.0,76.0,88.33333333333333,20.46666666666667,19.133333333333333,281.6666666666667,0.3,-1.9032898,-6.0594788,-0.638504,-2.7618713,0.0,28.5,77.25,2025-03-02 00:30:00+05:30,0
1.5633333333333335,72.13333333333334,125.63333333333333,0.12553333333333333,15.7,98.5,67.5,86.25,25.166666666666668,20.475,281.75,0.625,-0.81427,-6.2568665,-0.12080383,-2.7459106,0.0,28.5,77.25,2025-03-02 01:30:00+05:30,1
1.28,60.300000000000004,120.53333333333335,0.1131333333333333,13.725,94.0,64.66666666666667,86.0,27.9,20.5,250.75,1.6,0.1943512,-6.2613373,0.4102173,-2.727768,0.0,28.5,77.25,2025-03-02 02:30:00+05:30,2
1.1225,54.075,113.175,0.10412499999999994,12.399999999999999,93.0,64.0,86.0,15.799999999999999,19.775,233.75,1.425,-0.09806824,-6.137436,0.26745605,-2.7110596,0.0,28.5,77.25,2025-03-02 03:30:00+05:30,3
1.2866666666666668,50.45,85.95,0.08677499999999999,7.9,89.5,74.0,86.0,19.133333333333333,19.0,260.5,0.825,0.60069275,-5.914917,0.6359863,-2.6624908,0.0,28.5,77.25,2025-03-02 04:30:00+05:30,4
1.2633333333333334,55.53333333333333,88.8,0.0923666666666666,8.166666666666666,89.0,58.666666666666664,87.0,16.166666666666668,18.333333333333332,268.0,0.7000000000000001,1.0858917,-5.5878296,0.87194824,-2.3953705,0.0,28.5,77.25,2025-03-02 05:30:00+05:30,5
1.2366666666666666,60.05,95.55000000000001,0.09964999999999997,9.575,79.5,45.0,87.5,19.0,17.725,279.0,0.525,1.6639404,-4.988968,1.196701,-1.9446869,0.0,28.5,77.25,2025-03-02 06:30:00+05:30,6
1.2850000000000001,62.25,112.975,0.11067499999999997,12.775,55.5,38.5,85.25,21.9,19.2,254.25,0.525,2.3306427,-4.4212646,1.9108276,-2.090866,0.0,28.5,77.25,2025-03-02 07:30:00+05:30,7
1.3066666666666666,57.6,117.93333333333334,0.10956666666666666,12.933333333333332,72.66666666666667,46.0,77.0,10.2,23.2,246.0,0.7,2.4521484,-3.0811005,1.8453064,-1.9381561,0.0,28.5,77.25,2025-03-02 08:30:00+05:30,8
1.2850000000000001,51.025,117.975,0.10422499999999998,10.45,95.0,58.0,,6.133333333333333,,,,2.3514404,-2.5803833,1.8745117,-1.9602356,0.0,28.5,77.25,2025-03-02 09:30:00+05:30,9
1.28,44.599999999999994,92.825,0.085625,6.575,108.0,81.66666666666667,,11.55,,,,2.5340576,-2.4441376,2.0311584,-1.9367065,0.0,28.5,77.25,2025-03-02 10:30:00+05:30,10
1.2850000000000001,42.3,99.975,0.087525,7.0,122.5,66.33333333333333,,2.9,,,,2.8499756,-2.717102,2.2853088,-2.1659393,0.0,28.5,77.25,2025-03-02 11:30:00+05:30,11
1.2425,38.025,106.675,0.087675,7.725,,37.5,,14.333333333333334,,,,3.2018738,-3.340149,2.54393,-2.6454773,0.0,28.5,77.25,2025-03-02 12:30:00+05:30,12
1.25,30.266666666666666,123.83333333333333,0.09046666666666665,10.799999999999999,,14.0,,13.399999999999999,,,,3.7028198,-4.030136,2.8872833,-3.1647186,0.0,28.5,77.25,2025-03-02 13:30:00+05:30,13
1.2075,22.0,123.76666666666667,0.0842,9.45,,11.333333333333334,,10.149999999999999,,,,4.021988,-4.384033,3.0877838,-3.3980865,0.0,28.5,77.25,2025-03-02 14:30:00+05:30,14
1.1724999999999999,,,,10.375,,18.0,,5.5,,,,4.130493,-4.159836,3.1381378,-3.1972198,0.0,28.5,77.25,2025-03-02 15:30:00+05:30,15
1.21,,,,8.033333333333333,,27.5,,2.1,,,,3.8659363,-3.9167938,2.7739868,-2.861374,0.0,28.5,77.25,2025-03-02 16:30:00+05:30,16
1.2575,,,,6.7,,25.0,,10.133333333333333,,,,3.4932556,-3.6033478,1.7008362,-1.7054901,0.0,28.5,77.25,2025-03-02 17:30:00+05:30,17
1.2850000000000001,,,,6.824999999999999,,21.5,,1.3,,,,3.8627167,-3.549347,1.7168427,-1.3449707,0.0,28.5,77.25,2025-03-02 18:30:00+05:30,18
1.37,,,,8.5,,19.0,,3.4,,,,4.067993,-3.2349243,1.9223175,-1.1703644,0.0,28.5,77.25,2025-03-02 19:30:00+05:30,19
1.5666666666666667,,,,8.266666666666667,,13.333333333333334,,5.0,,,,3.9553833,-3.0881805,2.1186523,-1.2649231,0.0,28.5,77.25,2025-03-02 20:30:00+05:30,20
1.82,,,,8.033333333333333,,33.333333333333336,,15.9,,,,3.6835327,-3.067047,2.193985,-1.3782501,0.0,28.5,77.25,2025-03-02 21:30:00+05:30,21
1.8666666666666665,,,,6.7,,79.0,,14.866666666666665,,,,3.3719177,-3.6156769,1.8034515,-1.6686096,0.0,28.5,77.25,2025-03-02 22:30:00+05:30,22
1.9,,,,6.699999999999999,,79.0,,20.45,,,,2.7704163,-4.47995,1.2326813,-1.9508057,0.0,28.5,77.25,2025-03-02 23:30:00+05:30,23
1.9133333333333333,,,,6.75,,,,0.3,,,,1.8117523,-5.5053406,0.62423706,-2.1437225,0.0,28.5,77.25,2025-03-03 00:30:00+05:30,0
1.9400000000000002,,,,,,,,4.2,,,,1.0301208,-6.173874,0.35430908,-2.3169556,0.0,28.5,77.25,2025-03-03 01:30:00+05:30,1
1.795,,,,,,,,6.65,,,,0.4192505,-6.200302,0.16546631,-2.248703,0.0,28.5,77.25,2025-03-03 02:30:00+05:30,2
1.6975,,,,,,,,4.3,,,,-0.09475708,-5.8455505,-0.017105103,-2.092331,0.0,28.5,77.25,2025-03-03 03:30:00+05:30,3
1.585,,,,,,,,23.766666666666666,,,,0.033081055,-5.271103,0.16937256,-2.288147,0.0,28.5,77.25,2025-03-03 04:30:00+05:30,4
,,,,,,,,29.075000000000003,,,,0.041671753,-4.6789093,0.23538208,-2.6705017,0.0,28.5,77.25,2025-03-03 05:30:00+05:30,5
,,,,,,,,38.375,,,,-0.027755737,-3.9956207,0.23323059,-2.4487762,0.0,28.5,77.25,2025-03-03 06:30:00+05:30,6
,,,,,,,,25.875,,,,0.21487427,-3.0156555,0.4862671,-0.8561859,0.0,28.5,77.25,2025-03-03 07:30:00+05:30,7
,,,,,,,,8.1,,,,0.6483917,-1.7507172,0.5957184,-0.06440735,0.0,28.5,77.25,2025-03-03 08:30:00+05:30,8
,,,,,,,,6.825,,,,0.6817322,-0.2108612,0.51057434,-0.00630188,0.0,28.5,77.25,2025-03-03 09:30:00+05:30,9
,,,,,,,,3.85,,,,0.691391,0.0052948,0.53808594,0.07081604,0.0,28.5,77.25,2025-03-03 10:30:00+05:30,10
,,,,,,,,6.3,,,,0.38555908,0.46551514,0.27453613,0.43795776,0.0,28.5,77.25,2025-03-03 11:30:00+05:30,11
,,,,,,,,16.2,,,,0.5915222,0.8504791,0.4671173,0.7399597,0.0,28.5,77.25,2025-03-03 12:30:00+05:30,12
,,,,,,,,13.175,,,,0.9230652,0.6065216,0.7566986,0.5128784,0.0,28.5,77.25,2025-03-03 13:30:00+05:30,13
,,,,,,,,1.2,,,,0.7431488,0.27041626,0.605423,0.21331787,0.0,28.5,77.25,2025-03-03 14:30:00+05:30,14
,,,,,,,,12.8,,,,0.84757996,0.856369,0.6853485,0.7244873,0.0,28.5,77.25,2025-03-03 15:30:00+05:30,15
,,,,,,,,11.399999999999999,,,,0.37963867,1.7875824,0.23851013,1.4389954,0.0,28.5,77.25,2025-03-03 16:30:00+05:30,16
,,,,,,,,9.7,,,,-0.81759644,2.9111938,-0.5747528,1.247406,0.0,28.5,77.25,2025-03-03 17:30:00+05:30,17
,,,,,,,,8.033333333333333,,,,-2.674286,3.5748596,-1.570343,1.4884949,0.0,28.5,77.25,2025-03-03 18:30:00+05:30,18
,,,,,,,,2.8666666666666667,,,,-4.1435547,4.10437,-2.1452484,1.4956665,0.0,28.5,77.25,2025-03-03 19:30:00+05:30,19
,,,,,,,,5.0,,,,-4.538788,4.7112885,-2.1617737,1.7041626,0.0,28.5,77.25,2025-03-03 20:30:00+05:30,20
,,,,,,,,,,,,-4.2630615,5.488861,-1.959732,2.039093,0.0,28.5,77.25,2025-03-03 21:30:00+05:30,21
,,,,,,,,1.2,,,,-3.4967804,6.539551,-1.6551971,2.5724335,0.0,28.5,77.25,2025-03-03 22:30:00+05:30,22
,,,,,,,,5.5,,,,-2.1688995,7.4526367,-1.0829926,3.0974731,0.0,28.5,77.25,2025-03-03 23:30:00+05:30,23
,,,,,,,,,,,,-0.037719727,7.7250977,-0.11412048,3.2597961,0.0,28.5,77.25,2025-03-04 00:30:00+05:30,0
,,,,,,,,,,,,2.6908875,6.591873,0.9413147,2.8683777,0.0,28.5,77.25,2025-03-04 01:30:00+05:30,1
,,,,,,,,,,,,5.2431793,3.6207428,1.9324951,1.865799,0.0,28.5,77.25,2025-03-04 02:30:00+05:30,2
,,,,,,,,,,,,6.158722,0.9927521,2.577591,0.9818573,0.0,28.5,77.25,2025-03-04 03:30:00+05:30,3
,,,,,,,,14.733333333333334,,,,6.674637,-0.9837036,3.1060028,-0.21662903,0.0,28.5,77.25,2025-03-04 04:30:00+05:30,4
,,,,,,,,9.6,,,,6.500641,-1.620163,3.0056763,-0.5541229,0.0,28.5,77.25,2025-03-04 05:30:00+05:30,5
,,,,,,,,11.725,,,,5.984741,-1.5927277,2.6642914,-0.50405884,0.0,28.5,77.25,2025-03-04 06:30:00+05:30,6
,,,,,,,,12.933333333333332,,,,6.2194977,-1.6426697,3.1301117,-0.6442871,0.0,28.5,77.25,2025-03-04 07:30:00+05:30,7
,,,,,,,,11.45,,,,6.0490417,-1.2942505,3.7896423,-0.69270325,0.0,28.5,77.25,2025-03-04 08:30:00+05:30,8
,,,,,,,,11.166666666666666,,,,6.280243,-1.5112762,4.6833344,-1.078064,0.0,28.5,77.25,2025-03-04 09:30:00+05:30,9
,,,,,,,,11.5,,,,6.0596466,-2.0558014,4.66626,-1.5259857,0.0,28.5,77.25,2025-03-04 10:30:00+05:30,10
,,,,,,,,12.975,,,,5.388214,-2.8447266,4.212158,-2.1763916,0.0,28.5,77.25,2025-03-04 11:30:00+05:30,11
,,,,,,,,14.366666666666667,,,,5.2641296,-3.4814453,4.1155853,-2.6730957,0.0,28.5,77.25,2025-03-04 12:30:00+05:30,12
,,,,,,,,14.45,,,,6.239624,-4.151108,4.7938232,-3.165268,0.0,28.5,77.25,2025-03-04 13:30:00+05:30,13
,,,,,,,,13.100000000000001,,,,6.681839,-4.5294952,5.077667,-3.4182587,0.0,28.5,77.25,2025-03-04 14:30:00+05:30,14
,,,,,,,,11.925,,,,6.9997406,-4.649124,5.238083,-3.417099,0.0,28.5,77.25,2025-03-04 15:30:00+05:30,15
,,,,,,,,10.133333333333333,,,,7.2914886,-5.1181793,5.1951294,-3.5962067,0.0,28.5,77.25,2025-03-04 16:30:00+05:30,16
,,,,,,,,9.875,,,,6.7270813,-5.6052246,4.1698456,-3.386673,0.0,28.5,77.25,2025-03-04 17:30:00+05:30,17
,,,,,,,,10.025,,,,6.4456635,-6.1213837,3.598526,-3.2216797,0.0,28.5,77.25,2025-03-04 18:30:00+05:30,18
,,,,,,,,7.65,,,,6.3281555,-6.423874,3.4893494,-3.2610931,0.0,28.5,77.25,2025-03-04 19:30:00+05:30,19
,,,,,,,,13.100000000000001,,,,6.577118,-6.9045105,3.7167664,-3.6032715,0.0,28.5,77.25,2025-03-04 20:30:00+05:30,20
,,,,,,,,13.75,,,,6.4979706,-7.098709,3.698578,-3.75206,0.0,28.5,77.25,2025-03-04 21:30:00+05:30,21
,,,,,,,,14.45,,,,6.301941,-6.760803,3.5503082,-3.468567,0.0,28.5,77.25,2025-03-04 22:30:00+05:30,22
,,,,,,,,14.9,,,,6.6734467,-6.4474945,3.751007,-3.2600708,0.0,28.5,77.25,2025-03-04 23:30:00+05:30,23
,,,,,,,,12.766666666666666,,,,7.1537323,-6.423294,4.0800323,-3.276947,0.0,28.5,77.25,2025-03-05 00:30:00+05:30,0
,,,,,,,,11.700000000000001,,,,7.733597,-6.5064087,4.4992523,-3.4096222,0.0,28.5,77.25,2025-03-05 01:30:00+05:30,1
,,,,,,,,10.1,,,,7.938324,-6.420349,4.6636047,-3.3849335,0.0,28.5,77.25,2025-03-05 02:30:00+05:30,2
,,,,,,,,10.475,,,,7.9997253,-6.6419983,4.8256836,-3.6164246,0.0,28.5,77.25,2025-03-05 03:30:00+05:30,3
,,,,,,,,10.4,,,,7.6203156,-6.17276,4.5345306,-3.2590485,0.0,28.5,77.25,2025-03-05 04:30:00+05:30,4
,,,,,,,,11.075,,,,8.051056,-5.450989,4.7415924,-2.7619781,0.0,28.5,77.25,2025-03-05 05:30:00+05:30,5
,,,,,,,,11.5,,,,8.641663,-4.6621857,5.0107727,-2.2486877,0.0,28.5,77.25,2025-03-05 06:30:00+05:30,6
,,,,,,,,11.2,,,,9.035706,-4.1706085,5.4907074,-2.111618,0.0,28.5,77.25,2025-03-05 07:30:00+05:30,7
,,,,,,,,8.25,,,,8.582855,-3.6374664,5.807663,-2.2102509,0.0,28.5,77.25,2025-03-05 08:30:00+05:30,8
,,,,,,,,8.575,,,,9.210785,-4.3889923,6.690735,-3.0485687,0.0,28.5,77.25,2025-03-05 09:30:00+05:30,9
,,,,,,,,8.25,,,,9.145966,-5.273712,6.7576904,-3.8088074,0.0,28.5,77.25,2025-03-05 10:30:00+05:30,10
,,,,,,,,8.825,,,,8.758545,-5.6688232,6.536728,-4.1618347,0.0,28.5,77.25,2025-03-05 11:30:00+05:30,11
,,,,,,,,11.0,,,,8.910568,-5.8037415,6.658798,-4.2844543,0.0,28.5,77.25,2025-03-05 12:30:00+05:30,12
,,,,,,,,11.6,,,,9.258911,-5.8624573,6.884674,-4.31308,0.0,28.5,77.25,2025-03-05 13:30:00+05:30,13
,,,,,,,,10.375,,,,9.836792,-5.6395874,7.2314453,-4.114792,0.0,28.5,77.25,2025-03-05 14:30:00+05:30,14
,,,,,,,,9.85,,,,10.278519,-5.2472076,7.4274445,-3.7740936,0.0,28.5,77.25,2025-03-05 15:30:00+05:30,15
,,,,,,,,9.166666666666666,,,,10.003876,-4.939621,6.9417877,-3.3992767,0.0,28.5,77.25,2025-03-05 16:30:00+05:30,16
,,,,,,,,11.725,,,,9.257904,-4.612732,5.6611633,-2.7610168,0.0,28.5,77.25,2025-03-05 17:30:00+05:30,17
,,,,,,,,11.075,,,,8.940842,-4.8774414,5.0075073,-2.6033478,0.0,28.5,77.25,2025-03-05 18:30:00+05:30,18
,,,,,,,,11.9,,,,8.591461,-5.0144806,4.6130066,-2.5306702,0.0,28.5,77.25,2025-03-05 19:30:00+05:30,19
,,,,,,,,7.966666666666666,,,,8.790588,-5.653473,4.756958,-2.9313812,0.0,28.5,77.25,2025-03-05 20:30:00+05:30,20
,,,,,,,,6.975,,,,8.831192,-6.793167,4.938446,-3.6989136,0.0,28.5,77.25,2025-03-05 21:30:00+05:30,21
,,,,,,,,8.525,,,,8.20578,-7.1266174,4.6118317,-3.8535461,0.0,28.5,77.25,2025-03-05 22:30:00+05:30,22
,,,,,,,,9.149999999999999,,,,8.084045,-6.9239197,4.5653687,-3.6471863,0.0,28.5,77.25,2025-03-05 23:30:00+05:30,23
,,,,,,,,10.733333333333334,,,,8.155334,-5.925415,4.51149,-2.9465942,0.0,28.5,77.25,2025-03-06 00:30:00+05:30,0
,,,,,,,,12.066666666666668,,,,8.361069,-4.8602448,4.4884186,-2.2241516,0.0,28.5,77.25,2025-03-06 01:30:00+05:30,1
,,,,,,,,12.2,,,,8.819305,-4.2325134,4.67955,-1.8777771,0.0,28.5,77.25,2025-03-06 02:30:00+05:30,2
,,,,,,,,10.0,,,,8.88942,-4.2062683,4.7373657,-1.9007721,0.0,28.5,77.25,2025-03-06 03:30:00+05:30,3
,,,,,,,,11.633333333333333,,,,8.8186035,-4.4089966,4.6928864,-2.0020294,0.0,28.5,77.25,2025-03-06 04:30:00+05:30,4
,,,,,,,,13.95,,,,8.831131,-4.5059814,4.677185,-2.0611115,0.0,28.5,77.25,2025-03-06 05:30:00+05:30,5
,,,,,,,,14.024999999999999,,,,8.518982,-4.234543,4.3955994,-1.8301392,0.0,28.5,77.25,2025-03-06 06:30:00+05:30,6
,,,,,,,,14.399999999999999,,,,8.273376,-3.839737,4.534851,-1.730835,0.0,28.5,77.25,2025-03-06 07:30:00+05:30,7
,,,,,,,,9.6,,,,8.416977,-4.1942596,5.0404053,-2.2367554,0.0,28.5,77.25,2025-03-06 08:30:00+05:30,8
,,,,,,,,9.025,,,,7.5191345,-3.9223938,5.393524,-2.6687927,0.0,28.5,77.25,2025-03-06 09:30:00+05:30,9
,,,,,,,,8.0,,,,6.9018555,-3.3112335,5.162567,-2.4148102,0.0,28.5,77.25,2025-03-06 10:30:00+05:30,10
,,,,,,,,9.1,,,,7.208618,-3.7780914,5.429764,-2.8313293,0.0,28.5,77.25,2025-03-06 11:30:00+05:30,11
,,,,,,,,13.266666666666666,,,,7.2151947,-3.4953308,5.4580994,-2.6464844,0.0,28.5,77.25,2025-03-06 12:30:00+05:30,12
,,,,,,,,12.200000000000001,,,,7.172348,-3.2756348,5.426483,-2.4886475,0.0,28.5,77.25,2025-03-06 13:30:00+05:30,13
,,,,,,,,6.633333333333333,,,,6.8697205,-2.9300385,5.178833,-2.2213898,0.0,28.5,77.25,2025-03-06 14:30:00+05:30,14
,,,,,,,,7.4,,,,6.579483,-2.6079712,4.8974304,-1.9672852,0.0,28.5,77.25,2025-03-06 15:30:00+05:30,15
,,,,,,,,10.133333333333333,,,,5.8719482,-2.177948,4.0772095,-1.5307465,0.0,28.5,77.25,2025-03-06 16:30:00+05:30,16
,,,,,,,,10.8,,,,5.061859,-1.5498657,2.2263184,-0.63526917,0.0,28.5,77.25,2025-03-06 17:30:00+05:30,17
,,,,,,,,11.8,,,,4.779175,-1.2601929,3.0839996,-0.60279846,0.0,28.5,77.25,2025-03-06 18:30:00+05:30,18
,,,,,,,,11.325,,,,4.493408,-1.256607,3.105011,-0.62054443,0.0,28.5,77.25,2025-03-06 19:30:00+05:30,19
,,,,,,,,10.766666666666666,,,,4.0037384,-1.4225616,3.1535492,-0.9135895,0.0,28.5,77.25,2025-03-06 20:30:00+05:30,20
,,,,,,,,10.5,,,,3.0784912,-1.8844604,2.2836761,-1.6158295,0.0,28.5,77.25,2025-03-06 21:30:00+05:30,21
